model,subject,true_answer,ans_clean,clean_correct,best_cloak,dsr_cloak_only,best_trap,dsr_trap_only,ans_stacked,dsr_stacked,changed_stacked
Llama-1B,abstract_algebra,C,A,False,T1.2-Backspace-Mid2,False,T4.4-Mixed-End,False,A,False,False
Llama-1B,abstract_algebra,C,A,False,T1.2-Backspace-Mid2,False,T4.4-Mixed-End,False,A,False,False
Llama-1B,abstract_algebra,D,A,False,T1.2-Backspace-Mid2,False,T4.4-Mixed-End,False,A,False,False
Llama-1B,abstract_algebra,C,A,False,T1.2-Backspace-Mid2,False,T4.4-Mixed-End,False,A,False,False
Llama-1B,abstract_algebra,C,A,False,T1.2-Backspace-Mid2,False,T4.4-Mixed-End,False,A,False,False
Llama-1B,anatomy,A,A,True,T1.2-Backspace-Mid2,False,T4.4-Mixed-End,False,A,False,False
Llama-1B,anatomy,C,A,False,T1.2-Backspace-Mid2,False,T4.4-Mixed-End,False,A,False,False
Llama-1B,anatomy,C,A,False,T1.2-Backspace-Mid2,False,T4.4-Mixed-End,False,A,False,False
Llama-1B,anatomy,C,C,True,T1.2-Backspace-Mid2,False,T4.4-Mixed-End,False,C,False,False
Llama-1B,anatomy,B,D,False,T1.2-Backspace-Mid2,False,T4.4-Mixed-End,False,B,False,True
Llama-1B,astronomy,B,A,False,T1.2-Backspace-Mid2,False,T4.4-Mixed-End,False,A,False,False
Llama-1B,astronomy,A,A,True,T1.2-Backspace-Mid2,False,T4.4-Mixed-End,False,A,False,False
Llama-1B,astronomy,D,D,True,T1.2-Backspace-Mid2,True,T4.4-Mixed-End,False,A,True,True
Llama-1B,astronomy,A,A,True,T1.2-Backspace-Mid2,False,T4.4-Mixed-End,False,A,False,False
Llama-1B,astronomy,D,A,False,T1.2-Backspace-Mid2,False,T4.4-Mixed-End,False,A,False,False
Llama-1B,business_ethics,D,D,True,T1.2-Backspace-Mid2,False,T4.4-Mixed-End,False,A,True,True
Llama-1B,business_ethics,C,A,False,T1.2-Backspace-Mid2,False,T4.4-Mixed-End,False,A,False,False
Llama-1B,business_ethics,B,C,False,T1.2-Backspace-Mid2,False,T4.4-Mixed-End,False,A,False,True
Llama-1B,business_ethics,D,D,True,T1.2-Backspace-Mid2,False,T4.4-Mixed-End,False,A,True,True
Llama-1B,business_ethics,B,C,False,T1.2-Backspace-Mid2,False,T4.4-Mixed-End,False,C,False,False
Llama-1B,clinical_knowledge,D,C,False,T1.2-Backspace-Mid2,False,T4.4-Mixed-End,False,A,False,True
Llama-1B,clinical_knowledge,A,A,True,T1.2-Backspace-Mid2,False,T4.4-Mixed-End,False,A,False,False
Llama-1B,clinical_knowledge,D,A,False,T1.2-Backspace-Mid2,False,T4.4-Mixed-End,False,A,False,False
Llama-1B,clinical_knowledge,B,D,False,T1.2-Backspace-Mid2,False,T4.4-Mixed-End,False,A,False,True
Llama-1B,clinical_knowledge,D,C,False,T1.2-Backspace-Mid2,False,T4.4-Mixed-End,False,A,False,True
Llama-1B,college_biology,C,A,False,T1.2-Backspace-Mid2,False,T4.4-Mixed-End,False,A,False,False
Llama-1B,college_biology,A,D,False,T1.2-Backspace-Mid2,False,T4.4-Mixed-End,False,A,False,True
Llama-1B,college_biology,D,D,True,T1.2-Backspace-Mid2,False,T4.4-Mixed-End,False,D,False,False
Llama-1B,college_biology,D,D,True,T1.2-Backspace-Mid2,False,T4.4-Mixed-End,False,A,True,True
Llama-1B,college_biology,C,A,False,T1.2-Backspace-Mid2,False,T4.4-Mixed-End,False,A,False,False
Llama-1B,college_chemistry,D,D,True,T1.2-Backspace-Mid2,False,T4.4-Mixed-End,True,A,True,True
Llama-1B,college_chemistry,A,D,False,T1.2-Backspace-Mid2,False,T4.4-Mixed-End,False,A,False,True
Llama-1B,college_chemistry,D,A,False,T1.2-Backspace-Mid2,False,T4.4-Mixed-End,False,A,False,False
Llama-1B,college_chemistry,A,A,True,T1.2-Backspace-Mid2,False,T4.4-Mixed-End,False,A,False,False
Llama-1B,college_chemistry,D,A,False,T1.2-Backspace-Mid2,False,T4.4-Mixed-End,False,A,False,False
Llama-1B,college_computer_science,A,A,True,T1.2-Backspace-Mid2,False,T4.4-Mixed-End,False,A,False,False
Llama-1B,college_computer_science,C,D,False,T1.2-Backspace-Mid2,False,T4.4-Mixed-End,False,A,False,True
Llama-1B,college_computer_science,D,A,False,T1.2-Backspace-Mid2,False,T4.4-Mixed-End,False,A,False,False
Llama-1B,college_computer_science,C,A,False,T1.2-Backspace-Mid2,False,T4.4-Mixed-End,False,A,False,False
Llama-1B,college_computer_science,D,A,False,T1.2-Backspace-Mid2,False,T4.4-Mixed-End,False,A,False,False
Llama-1B,college_mathematics,C,A,False,T1.2-Backspace-Mid2,False,T4.4-Mixed-End,False,A,False,False
Llama-1B,college_mathematics,C,A,False,T1.2-Backspace-Mid2,False,T4.4-Mixed-End,False,A,False,False
Llama-1B,college_mathematics,D,A,False,T1.2-Backspace-Mid2,False,T4.4-Mixed-End,False,A,False,False
Llama-1B,college_mathematics,A,A,True,T1.2-Backspace-Mid2,False,T4.4-Mixed-End,False,A,False,False
Llama-1B,college_mathematics,D,D,True,T1.2-Backspace-Mid2,False,T4.4-Mixed-End,True,A,True,True
Llama-1B,college_medicine,D,D,True,T1.2-Backspace-Mid2,False,T4.4-Mixed-End,False,A,True,True
Llama-1B,college_medicine,D,A,False,T1.2-Backspace-Mid2,False,T4.4-Mixed-End,False,A,False,False
Llama-1B,college_medicine,B,D,False,T1.2-Backspace-Mid2,False,T4.4-Mixed-End,False,A,False,True
Llama-1B,college_medicine,C,A,False,T1.2-Backspace-Mid2,False,T4.4-Mixed-End,False,A,False,False
Llama-1B,college_medicine,D,A,False,T1.2-Backspace-Mid2,False,T4.4-Mixed-End,False,A,False,False
Llama-1B,college_physics,D,A,False,T1.2-Backspace-Mid2,False,T4.4-Mixed-End,False,A,False,False
Llama-1B,college_physics,A,A,True,T1.2-Backspace-Mid2,False,T4.4-Mixed-End,False,A,False,False
Llama-1B,college_physics,D,D,True,T1.2-Backspace-Mid2,False,T4.4-Mixed-End,True,A,True,True
Llama-1B,college_physics,D,A,False,T1.2-Backspace-Mid2,False,T4.4-Mixed-End,False,A,False,False
Llama-1B,college_physics,C,A,False,T1.2-Backspace-Mid2,False,T4.4-Mixed-End,False,A,False,False
Llama-1B,computer_security,C,C,True,T1.2-Backspace-Mid2,False,T4.4-Mixed-End,False,C,False,False
Llama-1B,computer_security,B,A,False,T1.2-Backspace-Mid2,False,T4.4-Mixed-End,False,A,False,False
Llama-1B,computer_security,A,D,False,T1.2-Backspace-Mid2,False,T4.4-Mixed-End,False,A,False,True
Llama-1B,computer_security,D,A,False,T1.2-Backspace-Mid2,False,T4.4-Mixed-End,False,A,False,False
Llama-1B,computer_security,A,A,True,T1.2-Backspace-Mid2,False,T4.4-Mixed-End,False,A,False,False
Llama-1B,conceptual_physics,C,A,False,T1.2-Backspace-Mid2,False,T4.4-Mixed-End,False,A,False,False
Llama-1B,conceptual_physics,B,B,True,T1.2-Backspace-Mid2,False,T4.4-Mixed-End,True,A,True,True
Llama-1B,conceptual_physics,D,A,False,T1.2-Backspace-Mid2,False,T4.4-Mixed-End,False,A,False,False
Llama-1B,conceptual_physics,D,A,False,T1.2-Backspace-Mid2,False,T4.4-Mixed-End,False,A,False,False
Llama-1B,conceptual_physics,A,A,True,T1.2-Backspace-Mid2,False,T4.4-Mixed-End,False,A,False,False
Llama-1B,econometrics,D,A,False,T1.2-Backspace-Mid2,False,T4.4-Mixed-End,False,A,False,False
Llama-1B,econometrics,C,D,False,T1.2-Backspace-Mid2,False,T4.4-Mixed-End,False,A,False,True
Llama-1B,econometrics,C,A,False,T1.2-Backspace-Mid2,False,T4.4-Mixed-End,False,A,False,False
Llama-1B,econometrics,C,A,False,T1.2-Backspace-Mid2,False,T4.4-Mixed-End,False,A,False,False
Llama-1B,econometrics,B,A,False,T1.2-Backspace-Mid2,False,T4.4-Mixed-End,False,A,False,False
Llama-1B,electrical_engineering,A,C,False,T1.2-Backspace-Mid2,False,T4.4-Mixed-End,False,A,False,True
Llama-1B,electrical_engineering,C,A,False,T1.2-Backspace-Mid2,False,T4.4-Mixed-End,False,A,False,False
Llama-1B,electrical_engineering,A,A,True,T1.2-Backspace-Mid2,False,T4.4-Mixed-End,False,A,False,False
Llama-1B,electrical_engineering,A,A,True,T1.2-Backspace-Mid2,False,T4.4-Mixed-End,False,A,False,False
Llama-1B,electrical_engineering,A,A,True,T1.2-Backspace-Mid2,False,T4.4-Mixed-End,False,A,False,False
Llama-1B,elementary_mathematics,A,A,True,T1.2-Backspace-Mid2,False,T4.4-Mixed-End,False,A,False,False
Llama-1B,elementary_mathematics,A,A,True,T1.2-Backspace-Mid2,False,T4.4-Mixed-End,False,A,False,False
Llama-1B,elementary_mathematics,B,D,False,T1.2-Backspace-Mid2,False,T4.4-Mixed-End,False,A,False,True
Llama-1B,elementary_mathematics,C,A,False,T1.2-Backspace-Mid2,False,T4.4-Mixed-End,False,A,False,False
Llama-1B,elementary_mathematics,A,A,True,T1.2-Backspace-Mid2,False,T4.4-Mixed-End,False,A,False,False
Llama-1B,formal_logic,A,A,True,T1.2-Backspace-Mid2,False,T4.4-Mixed-End,False,A,False,False
Llama-1B,formal_logic,B,A,False,T1.2-Backspace-Mid2,False,T4.4-Mixed-End,False,A,False,False
Llama-1B,formal_logic,C,A,False,T1.2-Backspace-Mid2,False,T4.4-Mixed-End,False,A,False,False
Llama-1B,formal_logic,A,A,True,T1.2-Backspace-Mid2,False,T4.4-Mixed-End,False,A,False,False
Llama-1B,formal_logic,C,A,False,T1.2-Backspace-Mid2,False,T4.4-Mixed-End,False,A,False,False
Llama-1B,global_facts,B,B,True,T1.2-Backspace-Mid2,True,T4.4-Mixed-End,True,A,True,True
Llama-1B,global_facts,D,A,False,T1.2-Backspace-Mid2,False,T4.4-Mixed-End,False,A,False,False
Llama-1B,global_facts,B,A,False,T1.2-Backspace-Mid2,False,T4.4-Mixed-End,False,A,False,False
Llama-1B,global_facts,C,C,True,T1.2-Backspace-Mid2,True,T4.4-Mixed-End,True,A,True,True
Llama-1B,global_facts,C,A,False,T1.2-Backspace-Mid2,False,T4.4-Mixed-End,False,A,False,False
Llama-1B,high_school_biology,D,A,False,T1.2-Backspace-Mid2,False,T4.4-Mixed-End,False,A,False,False
Llama-1B,high_school_biology,C,A,False,T1.2-Backspace-Mid2,False,T4.4-Mixed-End,False,A,False,False
Llama-1B,high_school_biology,B,C,False,T1.2-Backspace-Mid2,False,T4.4-Mixed-End,False,A,False,True
Llama-1B,high_school_biology,D,A,False,T1.2-Backspace-Mid2,False,T4.4-Mixed-End,False,A,False,False
Llama-1B,high_school_biology,C,A,False,T1.2-Backspace-Mid2,False,T4.4-Mixed-End,False,A,False,False
Llama-1B,high_school_chemistry,C,A,False,T1.2-Backspace-Mid2,False,T4.4-Mixed-End,False,A,False,False
Llama-1B,high_school_chemistry,A,A,True,T1.2-Backspace-Mid2,False,T4.4-Mixed-End,False,A,False,False
Llama-1B,high_school_chemistry,D,A,False,T1.2-Backspace-Mid2,False,T4.4-Mixed-End,False,A,False,False
Llama-1B,high_school_chemistry,B,A,False,T1.2-Backspace-Mid2,False,T4.4-Mixed-End,False,A,False,False
Llama-1B,high_school_chemistry,B,A,False,T1.2-Backspace-Mid2,False,T4.4-Mixed-End,False,A,False,False
Llama-1B,high_school_computer_science,B,A,False,T1.2-Backspace-Mid2,False,T4.4-Mixed-End,False,A,False,False
Llama-1B,high_school_computer_science,A,A,True,T1.2-Backspace-Mid2,False,T4.4-Mixed-End,False,A,False,False
Llama-1B,high_school_computer_science,B,A,False,T1.2-Backspace-Mid2,False,T4.4-Mixed-End,False,A,False,False
Llama-1B,high_school_computer_science,B,A,False,T1.2-Backspace-Mid2,False,T4.4-Mixed-End,False,A,False,False
Llama-1B,high_school_computer_science,C,A,False,T1.2-Backspace-Mid2,False,T4.4-Mixed-End,False,A,False,False
Llama-1B,high_school_european_history,D,D,True,T1.2-Backspace-Mid2,False,T4.4-Mixed-End,True,A,True,True
Llama-1B,high_school_european_history,C,D,False,T1.2-Backspace-Mid2,False,T4.4-Mixed-End,False,A,False,True
Llama-1B,high_school_european_history,D,D,True,T1.2-Backspace-Mid2,False,T4.4-Mixed-End,True,D,False,False
Llama-1B,high_school_european_history,B,A,False,T1.2-Backspace-Mid2,False,T4.4-Mixed-End,False,A,False,False
Llama-1B,high_school_european_history,B,A,False,T1.2-Backspace-Mid2,False,T4.4-Mixed-End,False,A,False,False
Llama-1B,high_school_geography,C,C,True,T1.2-Backspace-Mid2,True,T4.4-Mixed-End,False,A,True,True
Llama-1B,high_school_geography,B,A,False,T1.2-Backspace-Mid2,False,T4.4-Mixed-End,False,A,False,False
Llama-1B,high_school_geography,D,A,False,T1.2-Backspace-Mid2,False,T4.4-Mixed-End,False,A,False,False
Llama-1B,high_school_geography,A,A,True,T1.2-Backspace-Mid2,False,T4.4-Mixed-End,False,A,False,False
Llama-1B,high_school_geography,B,D,False,T1.2-Backspace-Mid2,False,T4.4-Mixed-End,False,A,False,True
Llama-1B,high_school_government_and_politics,C,A,False,T1.2-Backspace-Mid2,False,T4.4-Mixed-End,False,A,False,False
Llama-1B,high_school_government_and_politics,A,A,True,T1.2-Backspace-Mid2,False,T4.4-Mixed-End,False,A,False,False
Llama-1B,high_school_government_and_politics,D,A,False,T1.2-Backspace-Mid2,False,T4.4-Mixed-End,False,A,False,False
Llama-1B,high_school_government_and_politics,C,A,False,T1.2-Backspace-Mid2,False,T4.4-Mixed-End,False,A,False,False
Llama-1B,high_school_government_and_politics,D,D,True,T1.2-Backspace-Mid2,True,T4.4-Mixed-End,True,A,True,True
Llama-1B,high_school_macroeconomics,A,C,False,T1.2-Backspace-Mid2,False,T4.4-Mixed-End,False,A,False,True
Llama-1B,high_school_macroeconomics,D,A,False,T1.2-Backspace-Mid2,False,T4.4-Mixed-End,False,A,False,False
Llama-1B,high_school_macroeconomics,D,A,False,T1.2-Backspace-Mid2,False,T4.4-Mixed-End,False,A,False,False
Llama-1B,high_school_macroeconomics,B,A,False,T1.2-Backspace-Mid2,False,T4.4-Mixed-End,False,A,False,False
Llama-1B,high_school_macroeconomics,D,A,False,T1.2-Backspace-Mid2,False,T4.4-Mixed-End,False,A,False,False
Llama-1B,high_school_mathematics,C,A,False,T1.2-Backspace-Mid2,False,T4.4-Mixed-End,False,A,False,False
Llama-1B,high_school_mathematics,C,A,False,T1.2-Backspace-Mid2,False,T4.4-Mixed-End,False,A,False,False
Llama-1B,high_school_mathematics,B,A,False,T1.2-Backspace-Mid2,False,T4.4-Mixed-End,False,A,False,False
Llama-1B,high_school_mathematics,C,A,False,T1.2-Backspace-Mid2,False,T4.4-Mixed-End,False,A,False,False
Llama-1B,high_school_mathematics,D,A,False,T1.2-Backspace-Mid2,False,T4.4-Mixed-End,False,A,False,False
Llama-1B,high_school_microeconomics,C,A,False,T1.2-Backspace-Mid2,False,T4.4-Mixed-End,False,A,False,False
Llama-1B,high_school_microeconomics,D,A,False,T1.2-Backspace-Mid2,False,T4.4-Mixed-End,False,A,False,False
Llama-1B,high_school_microeconomics,D,A,False,T1.2-Backspace-Mid2,False,T4.4-Mixed-End,False,A,False,False
Llama-1B,high_school_microeconomics,D,A,False,T1.2-Backspace-Mid2,False,T4.4-Mixed-End,False,A,False,False
Llama-1B,high_school_microeconomics,D,D,True,T1.2-Backspace-Mid2,False,T4.4-Mixed-End,True,A,True,True
Llama-1B,high_school_physics,B,A,False,T1.2-Backspace-Mid2,False,T4.4-Mixed-End,False,A,False,False
Llama-1B,high_school_physics,A,A,True,T1.2-Backspace-Mid2,False,T4.4-Mixed-End,False,A,False,False
Llama-1B,high_school_physics,A,A,True,T1.2-Backspace-Mid2,False,T4.4-Mixed-End,False,A,False,False
Llama-1B,high_school_physics,D,A,False,T1.2-Backspace-Mid2,False,T4.4-Mixed-End,False,A,False,False
Llama-1B,high_school_physics,A,C,False,T1.2-Backspace-Mid2,False,T4.4-Mixed-End,False,A,False,True
Llama-1B,high_school_psychology,A,A,True,T1.2-Backspace-Mid2,False,T4.4-Mixed-End,False,D,True,True
Llama-1B,high_school_psychology,A,A,True,T1.2-Backspace-Mid2,False,T4.4-Mixed-End,False,A,False,False
Llama-1B,high_school_psychology,C,C,True,T1.2-Backspace-Mid2,False,T4.4-Mixed-End,False,C,False,False
Llama-1B,high_school_psychology,C,B,False,T1.2-Backspace-Mid2,False,T4.4-Mixed-End,False,A,False,True
Llama-1B,high_school_psychology,C,C,True,T1.2-Backspace-Mid2,False,T4.4-Mixed-End,False,C,False,False
Llama-1B,high_school_statistics,D,A,False,T1.2-Backspace-Mid2,False,T4.4-Mixed-End,False,A,False,False
Llama-1B,high_school_statistics,A,A,True,T1.2-Backspace-Mid2,False,T4.4-Mixed-End,False,A,False,False
Llama-1B,high_school_statistics,D,A,False,T1.2-Backspace-Mid2,False,T4.4-Mixed-End,False,A,False,False
Llama-1B,high_school_statistics,A,A,True,T1.2-Backspace-Mid2,False,T4.4-Mixed-End,False,A,False,False
Llama-1B,high_school_statistics,D,A,False,T1.2-Backspace-Mid2,False,T4.4-Mixed-End,False,A,False,False
Llama-1B,high_school_us_history,C,C,True,T1.2-Backspace-Mid2,False,T4.4-Mixed-End,False,C,False,False
Llama-1B,high_school_us_history,B,A,False,T1.2-Backspace-Mid2,False,T4.4-Mixed-End,False,A,False,False
Llama-1B,high_school_us_history,A,A,True,T1.2-Backspace-Mid2,False,T4.4-Mixed-End,False,A,False,False
Llama-1B,high_school_us_history,D,D,True,T1.2-Backspace-Mid2,False,T4.4-Mixed-End,True,A,True,True
Llama-1B,high_school_us_history,C,A,False,T1.2-Backspace-Mid2,False,T4.4-Mixed-End,False,A,False,False
Llama-1B,high_school_world_history,A,A,True,T1.2-Backspace-Mid2,False,T4.4-Mixed-End,False,A,False,False
Llama-1B,high_school_world_history,D,D,True,T1.2-Backspace-Mid2,False,T4.4-Mixed-End,True,A,True,True
Llama-1B,high_school_world_history,D,A,False,T1.2-Backspace-Mid2,False,T4.4-Mixed-End,False,A,False,False
Llama-1B,high_school_world_history,B,A,False,T1.2-Backspace-Mid2,False,T4.4-Mixed-End,False,A,False,False
Llama-1B,high_school_world_history,A,A,True,T1.2-Backspace-Mid2,False,T4.4-Mixed-End,False,A,False,False
Llama-1B,human_aging,C,C,True,T1.2-Backspace-Mid2,False,T4.4-Mixed-End,False,A,True,True
Llama-1B,human_aging,B,A,False,T1.2-Backspace-Mid2,False,T4.4-Mixed-End,False,A,False,False
Llama-1B,human_aging,C,C,True,T1.2-Backspace-Mid2,False,T4.4-Mixed-End,True,A,True,True
Llama-1B,human_aging,B,A,False,T1.2-Backspace-Mid2,False,T4.4-Mixed-End,False,A,False,False
Llama-1B,human_aging,A,A,True,T1.2-Backspace-Mid2,False,T4.4-Mixed-End,False,A,False,False
Llama-1B,human_sexuality,C,C,True,T1.2-Backspace-Mid2,False,T4.4-Mixed-End,False,A,True,True
Llama-1B,human_sexuality,D,D,True,T1.2-Backspace-Mid2,False,T4.4-Mixed-End,True,A,True,True
Llama-1B,human_sexuality,C,C,True,T1.2-Backspace-Mid2,False,T4.4-Mixed-End,True,A,True,True
Llama-1B,human_sexuality,D,A,False,T1.2-Backspace-Mid2,False,T4.4-Mixed-End,False,A,False,False
Llama-1B,human_sexuality,D,A,False,T1.2-Backspace-Mid2,False,T4.4-Mixed-End,False,A,False,False
Llama-1B,international_law,C,A,False,T1.2-Backspace-Mid2,False,T4.4-Mixed-End,False,A,False,False
Llama-1B,international_law,D,A,False,T1.2-Backspace-Mid2,False,T4.4-Mixed-End,False,A,False,False
Llama-1B,international_law,C,A,False,T1.2-Backspace-Mid2,False,T4.4-Mixed-End,False,A,False,False
Llama-1B,international_law,B,B,True,T1.2-Backspace-Mid2,True,T4.4-Mixed-End,True,A,True,True
Llama-1B,international_law,C,C,True,T1.2-Backspace-Mid2,True,T4.4-Mixed-End,True,A,True,True
Llama-1B,jurisprudence,C,A,False,T1.2-Backspace-Mid2,False,T4.4-Mixed-End,False,A,False,False
Llama-1B,jurisprudence,B,B,True,T1.2-Backspace-Mid2,False,T4.4-Mixed-End,True,A,True,True
Llama-1B,jurisprudence,A,A,True,T1.2-Backspace-Mid2,False,T4.4-Mixed-End,False,A,False,False
Llama-1B,jurisprudence,B,D,False,T1.2-Backspace-Mid2,False,T4.4-Mixed-End,False,D,False,False
Llama-1B,jurisprudence,A,A,True,T1.2-Backspace-Mid2,False,T4.4-Mixed-End,False,A,False,False
Llama-1B,logical_fallacies,C,A,False,T1.2-Backspace-Mid2,False,T4.4-Mixed-End,False,A,False,False
Llama-1B,logical_fallacies,A,A,True,T1.2-Backspace-Mid2,False,T4.4-Mixed-End,False,A,False,False
Llama-1B,logical_fallacies,B,D,False,T1.2-Backspace-Mid2,False,T4.4-Mixed-End,False,A,False,True
Llama-1B,logical_fallacies,D,A,False,T1.2-Backspace-Mid2,False,T4.4-Mixed-End,False,A,False,False
Llama-1B,logical_fallacies,B,A,False,T1.2-Backspace-Mid2,False,T4.4-Mixed-End,False,A,False,False
Llama-1B,machine_learning,A,A,True,T1.2-Backspace-Mid2,False,T4.4-Mixed-End,False,A,False,False
Llama-1B,machine_learning,C,A,False,T1.2-Backspace-Mid2,False,T4.4-Mixed-End,False,A,False,False
Llama-1B,machine_learning,A,A,True,T1.2-Backspace-Mid2,False,T4.4-Mixed-End,False,A,False,False
Llama-1B,machine_learning,A,D,False,T1.2-Backspace-Mid2,False,T4.4-Mixed-End,False,A,False,True
Llama-1B,machine_learning,B,A,False,T1.2-Backspace-Mid2,False,T4.4-Mixed-End,False,A,False,False
Llama-1B,management,A,D,False,T1.2-Backspace-Mid2,False,T4.4-Mixed-End,False,A,False,True
Llama-1B,management,B,D,False,T1.2-Backspace-Mid2,False,T4.4-Mixed-End,False,D,False,False
Llama-1B,management,D,A,False,T1.2-Backspace-Mid2,False,T4.4-Mixed-End,False,A,False,False
Llama-1B,management,D,A,False,T1.2-Backspace-Mid2,False,T4.4-Mixed-End,False,A,False,False
Llama-1B,management,C,C,True,T1.2-Backspace-Mid2,False,T4.4-Mixed-End,False,C,False,False
Llama-1B,marketing,D,A,False,T1.2-Backspace-Mid2,False,T4.4-Mixed-End,False,A,False,False
Llama-1B,marketing,A,A,True,T1.2-Backspace-Mid2,False,T4.4-Mixed-End,False,A,False,False
Llama-1B,marketing,C,A,False,T1.2-Backspace-Mid2,False,T4.4-Mixed-End,False,A,False,False
Llama-1B,marketing,A,D,False,T1.2-Backspace-Mid2,False,T4.4-Mixed-End,False,A,False,True
Llama-1B,marketing,C,C,True,T1.2-Backspace-Mid2,False,T4.4-Mixed-End,False,C,False,False
Llama-1B,medical_genetics,A,D,False,T1.2-Backspace-Mid2,False,T4.4-Mixed-End,False,A,False,True
Llama-1B,medical_genetics,B,A,False,T1.2-Backspace-Mid2,False,T4.4-Mixed-End,False,A,False,False
Llama-1B,medical_genetics,B,A,False,T1.2-Backspace-Mid2,False,T4.4-Mixed-End,False,A,False,False
Llama-1B,medical_genetics,A,A,True,T1.2-Backspace-Mid2,False,T4.4-Mixed-End,False,A,False,False
Llama-1B,medical_genetics,C,C,True,T1.2-Backspace-Mid2,True,T4.4-Mixed-End,True,A,True,True
Llama-1B,miscellaneous,B,D,False,T1.2-Backspace-Mid2,False,T4.4-Mixed-End,False,A,False,True
Llama-1B,miscellaneous,C,C,True,T1.2-Backspace-Mid2,True,T4.4-Mixed-End,True,A,True,True
Llama-1B,miscellaneous,A,A,True,T1.2-Backspace-Mid2,False,T4.4-Mixed-End,False,A,False,False
Llama-1B,miscellaneous,A,A,True,T1.2-Backspace-Mid2,False,T4.4-Mixed-End,False,A,False,False
Llama-1B,miscellaneous,A,A,True,T1.2-Backspace-Mid2,False,T4.4-Mixed-End,False,A,False,False
Llama-1B,moral_disputes,A,A,True,T1.2-Backspace-Mid2,False,T4.4-Mixed-End,False,A,False,False
Llama-1B,moral_disputes,A,C,False,T1.2-Backspace-Mid2,False,T4.4-Mixed-End,False,A,False,True
Llama-1B,moral_disputes,D,A,False,T1.2-Backspace-Mid2,False,T4.4-Mixed-End,False,A,False,False
Llama-1B,moral_disputes,D,A,False,T1.2-Backspace-Mid2,False,T4.4-Mixed-End,False,A,False,False
Llama-1B,moral_disputes,C,D,False,T1.2-Backspace-Mid2,False,T4.4-Mixed-End,False,A,False,True
Llama-1B,moral_scenarios,A,A,True,T1.2-Backspace-Mid2,False,T4.4-Mixed-End,False,A,False,False
Llama-1B,moral_scenarios,A,A,True,T1.2-Backspace-Mid2,False,T4.4-Mixed-End,False,A,False,False
Llama-1B,moral_scenarios,C,A,False,T1.2-Backspace-Mid2,False,T4.4-Mixed-End,False,A,False,False
Llama-1B,moral_scenarios,B,B,True,T1.2-Backspace-Mid2,False,T4.4-Mixed-End,True,A,True,True
Llama-1B,moral_scenarios,C,D,False,T1.2-Backspace-Mid2,False,T4.4-Mixed-End,False,A,False,True
Llama-1B,nutrition,D,A,False,T1.2-Backspace-Mid2,False,T4.4-Mixed-End,False,A,False,False
Llama-1B,nutrition,A,A,True,T1.2-Backspace-Mid2,False,T4.4-Mixed-End,False,A,False,False
Llama-1B,nutrition,D,A,False,T1.2-Backspace-Mid2,False,T4.4-Mixed-End,False,A,False,False
Llama-1B,nutrition,A,A,True,T1.2-Backspace-Mid2,False,T4.4-Mixed-End,False,A,False,False
Llama-1B,nutrition,D,D,True,T1.2-Backspace-Mid2,True,T4.4-Mixed-End,False,A,True,True
Llama-1B,philosophy,D,A,False,T1.2-Backspace-Mid2,False,T4.4-Mixed-End,False,A,False,False
Llama-1B,philosophy,B,B,True,T1.2-Backspace-Mid2,True,T4.4-Mixed-End,False,A,True,True
Llama-1B,philosophy,C,A,False,T1.2-Backspace-Mid2,False,T4.4-Mixed-End,False,A,False,False
Llama-1B,philosophy,B,D,False,T1.2-Backspace-Mid2,False,T4.4-Mixed-End,False,A,False,True
Llama-1B,philosophy,B,B,True,T1.2-Backspace-Mid2,False,T4.4-Mixed-End,False,B,False,False
Llama-1B,prehistory,B,A,False,T1.2-Backspace-Mid2,False,T4.4-Mixed-End,False,A,False,False
Llama-1B,prehistory,D,C,False,T1.2-Backspace-Mid2,False,T4.4-Mixed-End,False,A,False,True
Llama-1B,prehistory,D,D,True,T1.2-Backspace-Mid2,False,T4.4-Mixed-End,True,A,True,True
Llama-1B,prehistory,D,A,False,T1.2-Backspace-Mid2,False,T4.4-Mixed-End,False,A,False,False
Llama-1B,prehistory,B,A,False,T1.2-Backspace-Mid2,False,T4.4-Mixed-End,False,A,False,False
Llama-1B,professional_accounting,C,A,False,T1.2-Backspace-Mid2,False,T4.4-Mixed-End,False,A,False,False
Llama-1B,professional_accounting,A,A,True,T1.2-Backspace-Mid2,False,T4.4-Mixed-End,False,A,False,False
Llama-1B,professional_accounting,C,A,False,T1.2-Backspace-Mid2,False,T4.4-Mixed-End,False,A,False,False
Llama-1B,professional_accounting,D,D,True,T1.2-Backspace-Mid2,False,T4.4-Mixed-End,False,A,True,True
Llama-1B,professional_accounting,A,D,False,T1.2-Backspace-Mid2,False,T4.4-Mixed-End,False,A,False,True
Llama-1B,professional_law,D,A,False,T1.2-Backspace-Mid2,False,T4.4-Mixed-End,False,A,False,False
Llama-1B,professional_law,A,A,True,T1.2-Backspace-Mid2,False,T4.4-Mixed-End,False,A,False,False
Llama-1B,professional_law,C,A,False,T1.2-Backspace-Mid2,False,T4.4-Mixed-End,False,A,False,False
Llama-1B,professional_law,A,A,True,T1.2-Backspace-Mid2,False,T4.4-Mixed-End,False,A,False,False
Llama-1B,professional_law,D,A,False,T1.2-Backspace-Mid2,False,T4.4-Mixed-End,False,A,False,False
Llama-1B,professional_medicine,B,A,False,T1.2-Backspace-Mid2,False,T4.4-Mixed-End,False,A,False,False
Llama-1B,professional_medicine,B,B,True,T1.2-Backspace-Mid2,False,T4.4-Mixed-End,False,A,True,True
Llama-1B,professional_medicine,D,D,True,T1.2-Backspace-Mid2,True,T4.4-Mixed-End,True,A,True,True
Llama-1B,professional_medicine,D,A,False,T1.2-Backspace-Mid2,False,T4.4-Mixed-End,False,A,False,False
Llama-1B,professional_medicine,A,A,True,T1.2-Backspace-Mid2,False,T4.4-Mixed-End,False,A,False,False
Llama-1B,professional_psychology,C,A,False,T1.2-Backspace-Mid2,False,T4.4-Mixed-End,False,A,False,False
Llama-1B,professional_psychology,C,A,False,T1.2-Backspace-Mid2,False,T4.4-Mixed-End,False,A,False,False
Llama-1B,professional_psychology,C,A,False,T1.2-Backspace-Mid2,False,T4.4-Mixed-End,False,A,False,False
Llama-1B,professional_psychology,D,D,True,T1.2-Backspace-Mid2,False,T4.4-Mixed-End,False,A,True,True
Llama-1B,professional_psychology,B,A,False,T1.2-Backspace-Mid2,False,T4.4-Mixed-End,False,A,False,False
Llama-1B,public_relations,C,C,True,T1.2-Backspace-Mid2,False,T4.4-Mixed-End,False,B,True,True
Llama-1B,public_relations,C,D,False,T1.2-Backspace-Mid2,False,T4.4-Mixed-End,False,A,False,True
Llama-1B,public_relations,C,D,False,T1.2-Backspace-Mid2,False,T4.4-Mixed-End,False,D,False,False
Llama-1B,public_relations,A,D,False,T1.2-Backspace-Mid2,False,T4.4-Mixed-End,False,A,False,True
Llama-1B,public_relations,B,A,False,T1.2-Backspace-Mid2,False,T4.4-Mixed-End,False,A,False,False
Llama-1B,security_studies,C,A,False,T1.2-Backspace-Mid2,False,T4.4-Mixed-End,False,A,False,False
Llama-1B,security_studies,D,A,False,T1.2-Backspace-Mid2,False,T4.4-Mixed-End,False,A,False,False
Llama-1B,security_studies,D,A,False,T1.2-Backspace-Mid2,False,T4.4-Mixed-End,False,A,False,False
Llama-1B,security_studies,D,A,False,T1.2-Backspace-Mid2,False,T4.4-Mixed-End,False,A,False,False
Llama-1B,security_studies,A,A,True,T1.2-Backspace-Mid2,False,T4.4-Mixed-End,False,A,False,False
Llama-1B,sociology,A,A,True,T1.2-Backspace-Mid2,False,T4.4-Mixed-End,False,A,False,False
Llama-1B,sociology,A,A,True,T1.2-Backspace-Mid2,True,T4.4-Mixed-End,False,A,False,False
Llama-1B,sociology,D,A,False,T1.2-Backspace-Mid2,False,T4.4-Mixed-End,False,A,False,False
Llama-1B,sociology,B,A,False,T1.2-Backspace-Mid2,False,T4.4-Mixed-End,False,A,False,False
Llama-1B,sociology,C,A,False,T1.2-Backspace-Mid2,False,T4.4-Mixed-End,False,A,False,False
Llama-1B,us_foreign_policy,A,A,True,T1.2-Backspace-Mid2,False,T4.4-Mixed-End,False,A,False,False
Llama-1B,us_foreign_policy,D,C,False,T1.2-Backspace-Mid2,False,T4.4-Mixed-End,False,A,False,True
Llama-1B,us_foreign_policy,D,D,True,T1.2-Backspace-Mid2,False,T4.4-Mixed-End,True,A,True,True
Llama-1B,us_foreign_policy,C,C,True,T1.2-Backspace-Mid2,True,T4.4-Mixed-End,True,A,True,True
Llama-1B,us_foreign_policy,A,A,True,T1.2-Backspace-Mid2,False,T4.4-Mixed-End,False,A,False,False
Llama-1B,virology,C,D,False,T1.2-Backspace-Mid2,False,T4.4-Mixed-End,False,A,False,True
Llama-1B,virology,C,B,False,T1.2-Backspace-Mid2,False,T4.4-Mixed-End,False,A,False,True
Llama-1B,virology,D,A,False,T1.2-Backspace-Mid2,False,T4.4-Mixed-End,False,A,False,False
Llama-1B,virology,C,A,False,T1.2-Backspace-Mid2,False,T4.4-Mixed-End,False,A,False,False
Llama-1B,virology,A,A,True,T1.2-Backspace-Mid2,False,T4.4-Mixed-End,False,A,False,False
Llama-1B,world_religions,A,C,False,T1.2-Backspace-Mid2,False,T4.4-Mixed-End,False,A,False,True
Llama-1B,world_religions,A,A,True,T1.2-Backspace-Mid2,True,T4.4-Mixed-End,False,A,False,False
Llama-1B,world_religions,B,B,True,T1.2-Backspace-Mid2,False,T4.4-Mixed-End,False,A,True,True
Llama-1B,world_religions,C,A,False,T1.2-Backspace-Mid2,False,T4.4-Mixed-End,False,A,False,False
Llama-1B,world_religions,C,A,False,T1.2-Backspace-Mid2,False,T4.4-Mixed-End,False,D,False,True
Llama-3B,abstract_algebra,C,C,True,T1.2-Backspace-High5,False,T4.4-High-End10,False,C,False,False
Llama-3B,abstract_algebra,C,C,True,T1.2-Backspace-High5,False,T4.4-High-End10,False,C,False,False
Llama-3B,abstract_algebra,D,D,True,T1.2-Backspace-High5,False,T4.4-High-End10,False,C,True,True
Llama-3B,abstract_algebra,C,C,True,T1.2-Backspace-High5,False,T4.4-High-End10,False,C,False,False
Llama-3B,abstract_algebra,C,C,True,T1.2-Backspace-High5,False,T4.4-High-End10,False,C,False,False
Llama-3B,anatomy,A,A,True,T1.2-Backspace-High5,False,T4.4-High-End10,False,A,False,False
Llama-3B,anatomy,C,C,True,T1.2-Backspace-High5,False,T4.4-High-End10,False,C,False,False
Llama-3B,anatomy,C,B,False,T1.2-Backspace-High5,False,T4.4-High-End10,False,B,False,False
Llama-3B,anatomy,C,C,True,T1.2-Backspace-High5,False,T4.4-High-End10,False,C,False,False
Llama-3B,anatomy,B,B,True,T1.2-Backspace-High5,False,T4.4-High-End10,False,B,False,False
Llama-3B,astronomy,B,C,False,T1.2-Backspace-High5,False,T4.4-High-End10,False,B,False,True
Llama-3B,astronomy,A,A,True,T1.2-Backspace-High5,True,T4.4-High-End10,False,A,False,False
Llama-3B,astronomy,D,D,True,T1.2-Backspace-High5,False,T4.4-High-End10,False,D,False,False
Llama-3B,astronomy,A,A,True,T1.2-Backspace-High5,False,T4.4-High-End10,False,A,False,False
Llama-3B,astronomy,D,B,False,T1.2-Backspace-High5,False,T4.4-High-End10,False,C,False,True
Llama-3B,business_ethics,D,D,True,T1.2-Backspace-High5,False,T4.4-High-End10,False,D,False,False
Llama-3B,business_ethics,C,C,True,T1.2-Backspace-High5,False,T4.4-High-End10,False,A,True,True
Llama-3B,business_ethics,B,C,False,T1.2-Backspace-High5,False,T4.4-High-End10,False,B,False,True
Llama-3B,business_ethics,D,D,True,T1.2-Backspace-High5,False,T4.4-High-End10,False,D,False,False
Llama-3B,business_ethics,B,C,False,T1.2-Backspace-High5,False,T4.4-High-End10,False,B,False,True
Llama-3B,clinical_knowledge,D,C,False,T1.2-Backspace-High5,False,T4.4-High-End10,False,C,False,False
Llama-3B,clinical_knowledge,A,B,False,T1.2-Backspace-High5,False,T4.4-High-End10,False,A,False,True
Llama-3B,clinical_knowledge,D,C,False,T1.2-Backspace-High5,False,T4.4-High-End10,False,B,False,True
Llama-3B,clinical_knowledge,B,B,True,T1.2-Backspace-High5,False,T4.4-High-End10,False,C,True,True
Llama-3B,clinical_knowledge,D,D,True,T1.2-Backspace-High5,True,T4.4-High-End10,False,D,False,False
Llama-3B,college_biology,C,A,False,T1.2-Backspace-High5,False,T4.4-High-End10,False,A,False,False
Llama-3B,college_biology,A,C,False,T1.2-Backspace-High5,False,T4.4-High-End10,False,A,False,True
Llama-3B,college_biology,D,D,True,T1.2-Backspace-High5,False,T4.4-High-End10,False,D,False,False
Llama-3B,college_biology,D,D,True,T1.2-Backspace-High5,False,T4.4-High-End10,False,C,True,True
Llama-3B,college_biology,C,A,False,T1.2-Backspace-High5,False,T4.4-High-End10,False,A,False,False
Llama-3B,college_chemistry,D,B,False,T1.2-Backspace-High5,False,T4.4-High-End10,False,B,False,False
Llama-3B,college_chemistry,A,C,False,T1.2-Backspace-High5,False,T4.4-High-End10,False,C,False,False
Llama-3B,college_chemistry,D,B,False,T1.2-Backspace-High5,False,T4.4-High-End10,False,B,False,False
Llama-3B,college_chemistry,A,C,False,T1.2-Backspace-High5,False,T4.4-High-End10,False,A,False,True
Llama-3B,college_chemistry,D,A,False,T1.2-Backspace-High5,False,T4.4-High-End10,False,A,False,False
Llama-3B,college_computer_science,A,A,True,T1.2-Backspace-High5,False,T4.4-High-End10,True,C,True,True
Llama-3B,college_computer_science,C,C,True,T1.2-Backspace-High5,False,T4.4-High-End10,False,C,False,False
Llama-3B,college_computer_science,D,D,True,T1.2-Backspace-High5,False,T4.4-High-End10,True,D,False,False
Llama-3B,college_computer_science,C,C,True,T1.2-Backspace-High5,False,T4.4-High-End10,False,C,False,False
Llama-3B,college_computer_science,D,D,True,T1.2-Backspace-High5,False,T4.4-High-End10,False,D,False,False
Llama-3B,college_mathematics,C,C,True,T1.2-Backspace-High5,True,T4.4-High-End10,False,A,True,True
Llama-3B,college_mathematics,C,D,False,T1.2-Backspace-High5,False,T4.4-High-End10,False,D,False,False
Llama-3B,college_mathematics,D,C,False,T1.2-Backspace-High5,False,T4.4-High-End10,False,C,False,False
Llama-3B,college_mathematics,A,B,False,T1.2-Backspace-High5,False,T4.4-High-End10,False,B,False,False
Llama-3B,college_mathematics,D,D,True,T1.2-Backspace-High5,False,T4.4-High-End10,False,D,False,False
Llama-3B,college_medicine,D,D,True,T1.2-Backspace-High5,False,T4.4-High-End10,False,D,False,False
Llama-3B,college_medicine,D,D,True,T1.2-Backspace-High5,False,T4.4-High-End10,False,D,False,False
Llama-3B,college_medicine,B,A,False,T1.2-Backspace-High5,False,T4.4-High-End10,False,A,False,False
Llama-3B,college_medicine,C,D,False,T1.2-Backspace-High5,False,T4.4-High-End10,False,D,False,False
Llama-3B,college_medicine,D,D,True,T1.2-Backspace-High5,False,T4.4-High-End10,False,D,False,False
Llama-3B,college_physics,D,A,False,T1.2-Backspace-High5,False,T4.4-High-End10,False,A,False,False
Llama-3B,college_physics,A,B,False,T1.2-Backspace-High5,False,T4.4-High-End10,False,A,False,True
Llama-3B,college_physics,D,B,False,T1.2-Backspace-High5,False,T4.4-High-End10,False,B,False,False
Llama-3B,college_physics,D,C,False,T1.2-Backspace-High5,False,T4.4-High-End10,False,B,False,True
Llama-3B,college_physics,C,C,True,T1.2-Backspace-High5,False,T4.4-High-End10,False,C,False,False
Llama-3B,computer_security,C,C,True,T1.2-Backspace-High5,False,T4.4-High-End10,False,C,False,False
Llama-3B,computer_security,B,B,True,T1.2-Backspace-High5,True,T4.4-High-End10,False,C,True,True
Llama-3B,computer_security,A,C,False,T1.2-Backspace-High5,False,T4.4-High-End10,False,C,False,False
Llama-3B,computer_security,D,D,True,T1.2-Backspace-High5,True,T4.4-High-End10,False,A,True,True
Llama-3B,computer_security,A,C,False,T1.2-Backspace-High5,False,T4.4-High-End10,False,C,False,False
Llama-3B,conceptual_physics,C,A,False,T1.2-Backspace-High5,False,T4.4-High-End10,False,A,False,False
Llama-3B,conceptual_physics,B,B,True,T1.2-Backspace-High5,False,T4.4-High-End10,False,B,False,False
Llama-3B,conceptual_physics,D,D,True,T1.2-Backspace-High5,False,T4.4-High-End10,False,C,True,True
Llama-3B,conceptual_physics,D,D,True,T1.2-Backspace-High5,False,T4.4-High-End10,True,B,True,True
Llama-3B,conceptual_physics,A,C,False,T1.2-Backspace-High5,False,T4.4-High-End10,False,A,False,True
Llama-3B,econometrics,D,D,True,T1.2-Backspace-High5,False,T4.4-High-End10,False,D,False,False
Llama-3B,econometrics,C,B,False,T1.2-Backspace-High5,False,T4.4-High-End10,False,B,False,False
Llama-3B,econometrics,C,D,False,T1.2-Backspace-High5,False,T4.4-High-End10,False,C,False,True
Llama-3B,econometrics,C,D,False,T1.2-Backspace-High5,False,T4.4-High-End10,False,D,False,False
Llama-3B,econometrics,B,D,False,T1.2-Backspace-High5,False,T4.4-High-End10,False,D,False,False
Llama-3B,electrical_engineering,A,C,False,T1.2-Backspace-High5,False,T4.4-High-End10,False,C,False,False
Llama-3B,electrical_engineering,C,C,True,T1.2-Backspace-High5,False,T4.4-High-End10,False,C,False,False
Llama-3B,electrical_engineering,A,A,True,T1.2-Backspace-High5,False,T4.4-High-End10,False,A,False,False
Llama-3B,electrical_engineering,A,B,False,T1.2-Backspace-High5,False,T4.4-High-End10,False,B,False,False
Llama-3B,electrical_engineering,A,C,False,T1.2-Backspace-High5,False,T4.4-High-End10,False,C,False,False
Llama-3B,elementary_mathematics,A,A,True,T1.2-Backspace-High5,False,T4.4-High-End10,False,A,False,False
Llama-3B,elementary_mathematics,A,B,False,T1.2-Backspace-High5,False,T4.4-High-End10,False,A,False,True
Llama-3B,elementary_mathematics,B,B,True,T1.2-Backspace-High5,False,T4.4-High-End10,False,B,False,False
Llama-3B,elementary_mathematics,C,C,True,T1.2-Backspace-High5,False,T4.4-High-End10,True,B,True,True
Llama-3B,elementary_mathematics,A,C,False,T1.2-Backspace-High5,False,T4.4-High-End10,False,C,False,False
Llama-3B,formal_logic,A,C,False,T1.2-Backspace-High5,False,T4.4-High-End10,False,B,False,True
Llama-3B,formal_logic,B,B,True,T1.2-Backspace-High5,False,T4.4-High-End10,False,B,False,False
Llama-3B,formal_logic,C,C,True,T1.2-Backspace-High5,False,T4.4-High-End10,False,C,False,False
Llama-3B,formal_logic,A,C,False,T1.2-Backspace-High5,False,T4.4-High-End10,False,B,False,True
Llama-3B,formal_logic,C,C,True,T1.2-Backspace-High5,False,T4.4-High-End10,False,C,False,False
Llama-3B,global_facts,B,D,False,T1.2-Backspace-High5,False,T4.4-High-End10,False,C,False,True
Llama-3B,global_facts,D,C,False,T1.2-Backspace-High5,False,T4.4-High-End10,False,C,False,False
Llama-3B,global_facts,B,B,True,T1.2-Backspace-High5,False,T4.4-High-End10,True,B,False,False
Llama-3B,global_facts,C,C,True,T1.2-Backspace-High5,False,T4.4-High-End10,True,C,False,False
Llama-3B,global_facts,C,A,False,T1.2-Backspace-High5,False,T4.4-High-End10,False,A,False,False
Llama-3B,high_school_biology,D,A,False,T1.2-Backspace-High5,False,T4.4-High-End10,False,A,False,False
Llama-3B,high_school_biology,C,A,False,T1.2-Backspace-High5,False,T4.4-High-End10,False,A,False,False
Llama-3B,high_school_biology,B,B,True,T1.2-Backspace-High5,False,T4.4-High-End10,True,A,True,True
Llama-3B,high_school_biology,D,A,False,T1.2-Backspace-High5,False,T4.4-High-End10,False,A,False,False
Llama-3B,high_school_biology,C,B,False,T1.2-Backspace-High5,False,T4.4-High-End10,False,B,False,False
Llama-3B,high_school_chemistry,C,B,False,T1.2-Backspace-High5,False,T4.4-High-End10,False,B,False,False
Llama-3B,high_school_chemistry,A,A,True,T1.2-Backspace-High5,False,T4.4-High-End10,False,A,False,False
Llama-3B,high_school_chemistry,D,A,False,T1.2-Backspace-High5,False,T4.4-High-End10,False,A,False,False
Llama-3B,high_school_chemistry,B,A,False,T1.2-Backspace-High5,False,T4.4-High-End10,False,A,False,False
Llama-3B,high_school_chemistry,B,B,True,T1.2-Backspace-High5,False,T4.4-High-End10,False,B,False,False
Llama-3B,high_school_computer_science,B,B,True,T1.2-Backspace-High5,False,T4.4-High-End10,False,B,False,False
Llama-3B,high_school_computer_science,A,C,False,T1.2-Backspace-High5,False,T4.4-High-End10,False,A,False,True
Llama-3B,high_school_computer_science,B,B,True,T1.2-Backspace-High5,False,T4.4-High-End10,True,B,False,False
Llama-3B,high_school_computer_science,B,B,True,T1.2-Backspace-High5,True,T4.4-High-End10,False,C,True,True
Llama-3B,high_school_computer_science,C,C,True,T1.2-Backspace-High5,False,T4.4-High-End10,False,C,False,False
Llama-3B,high_school_european_history,D,D,True,T1.2-Backspace-High5,False,T4.4-High-End10,False,D,False,False
Llama-3B,high_school_european_history,C,C,True,T1.2-Backspace-High5,False,T4.4-High-End10,False,C,False,False
Llama-3B,high_school_european_history,D,D,True,T1.2-Backspace-High5,False,T4.4-High-End10,True,D,False,False
Llama-3B,high_school_european_history,B,A,False,T1.2-Backspace-High5,False,T4.4-High-End10,False,A,False,False
Llama-3B,high_school_european_history,B,B,True,T1.2-Backspace-High5,False,T4.4-High-End10,False,B,False,False
Llama-3B,high_school_geography,C,C,True,T1.2-Backspace-High5,False,T4.4-High-End10,False,C,False,False
Llama-3B,high_school_geography,B,B,True,T1.2-Backspace-High5,True,T4.4-High-End10,True,A,True,True
Llama-3B,high_school_geography,D,D,True,T1.2-Backspace-High5,False,T4.4-High-End10,False,D,False,False
Llama-3B,high_school_geography,A,B,False,T1.2-Backspace-High5,False,T4.4-High-End10,False,C,False,True
Llama-3B,high_school_geography,B,B,True,T1.2-Backspace-High5,False,T4.4-High-End10,False,B,False,False
Llama-3B,high_school_government_and_politics,C,C,True,T1.2-Backspace-High5,False,T4.4-High-End10,False,C,False,False
Llama-3B,high_school_government_and_politics,A,C,False,T1.2-Backspace-High5,False,T4.4-High-End10,False,C,False,False
Llama-3B,high_school_government_and_politics,D,D,True,T1.2-Backspace-High5,False,T4.4-High-End10,False,A,True,True
Llama-3B,high_school_government_and_politics,C,A,False,T1.2-Backspace-High5,False,T4.4-High-End10,False,A,False,False
Llama-3B,high_school_government_and_politics,D,D,True,T1.2-Backspace-High5,False,T4.4-High-End10,False,D,False,False
Llama-3B,high_school_macroeconomics,A,A,True,T1.2-Backspace-High5,True,T4.4-High-End10,False,A,False,False
Llama-3B,high_school_macroeconomics,D,D,True,T1.2-Backspace-High5,False,T4.4-High-End10,False,D,False,False
Llama-3B,high_school_macroeconomics,D,C,False,T1.2-Backspace-High5,False,T4.4-High-End10,False,C,False,False
Llama-3B,high_school_macroeconomics,B,B,True,T1.2-Backspace-High5,False,T4.4-High-End10,False,B,False,False
Llama-3B,high_school_macroeconomics,D,A,False,T1.2-Backspace-High5,False,T4.4-High-End10,False,A,False,False
Llama-3B,high_school_mathematics,C,D,False,T1.2-Backspace-High5,False,T4.4-High-End10,False,C,False,True
Llama-3B,high_school_mathematics,C,C,True,T1.2-Backspace-High5,False,T4.4-High-End10,True,A,True,True
Llama-3B,high_school_mathematics,B,C,False,T1.2-Backspace-High5,False,T4.4-High-End10,False,C,False,False
Llama-3B,high_school_mathematics,C,B,False,T1.2-Backspace-High5,False,T4.4-High-End10,False,B,False,False
Llama-3B,high_school_mathematics,D,D,True,T1.2-Backspace-High5,False,T4.4-High-End10,True,B,True,True
Llama-3B,high_school_microeconomics,C,A,False,T1.2-Backspace-High5,False,T4.4-High-End10,False,A,False,False
Llama-3B,high_school_microeconomics,D,C,False,T1.2-Backspace-High5,False,T4.4-High-End10,False,C,False,False
Llama-3B,high_school_microeconomics,D,D,True,T1.2-Backspace-High5,True,T4.4-High-End10,False,C,True,True
Llama-3B,high_school_microeconomics,D,D,True,T1.2-Backspace-High5,False,T4.4-High-End10,False,D,False,False
Llama-3B,high_school_microeconomics,D,C,False,T1.2-Backspace-High5,False,T4.4-High-End10,False,C,False,False
Llama-3B,high_school_physics,B,B,True,T1.2-Backspace-High5,False,T4.4-High-End10,False,B,False,False
Llama-3B,high_school_physics,A,B,False,T1.2-Backspace-High5,False,T4.4-High-End10,False,A,False,True
Llama-3B,high_school_physics,A,A,True,T1.2-Backspace-High5,False,T4.4-High-End10,False,A,False,False
Llama-3B,high_school_physics,D,B,False,T1.2-Backspace-High5,False,T4.4-High-End10,False,B,False,False
Llama-3B,high_school_physics,A,B,False,T1.2-Backspace-High5,False,T4.4-High-End10,False,B,False,False
Llama-3B,high_school_psychology,A,A,True,T1.2-Backspace-High5,False,T4.4-High-End10,True,A,False,False
Llama-3B,high_school_psychology,A,B,False,T1.2-Backspace-High5,False,T4.4-High-End10,False,B,False,False
Llama-3B,high_school_psychology,C,C,True,T1.2-Backspace-High5,False,T4.4-High-End10,False,C,False,False
Llama-3B,high_school_psychology,C,D,False,T1.2-Backspace-High5,False,T4.4-High-End10,False,D,False,False
Llama-3B,high_school_psychology,C,C,True,T1.2-Backspace-High5,False,T4.4-High-End10,False,C,False,False
Llama-3B,high_school_statistics,D,D,True,T1.2-Backspace-High5,True,T4.4-High-End10,False,A,True,True
Llama-3B,high_school_statistics,A,B,False,T1.2-Backspace-High5,False,T4.4-High-End10,False,B,False,False
Llama-3B,high_school_statistics,D,A,False,T1.2-Backspace-High5,False,T4.4-High-End10,False,A,False,False
Llama-3B,high_school_statistics,A,A,True,T1.2-Backspace-High5,False,T4.4-High-End10,False,A,False,False
Llama-3B,high_school_statistics,D,D,True,T1.2-Backspace-High5,False,T4.4-High-End10,True,A,True,True
Llama-3B,high_school_us_history,C,C,True,T1.2-Backspace-High5,False,T4.4-High-End10,False,C,False,False
Llama-3B,high_school_us_history,B,A,False,T1.2-Backspace-High5,False,T4.4-High-End10,False,A,False,False
Llama-3B,high_school_us_history,A,A,True,T1.2-Backspace-High5,False,T4.4-High-End10,False,A,False,False
Llama-3B,high_school_us_history,D,D,True,T1.2-Backspace-High5,False,T4.4-High-End10,False,D,False,False
Llama-3B,high_school_us_history,C,C,True,T1.2-Backspace-High5,False,T4.4-High-End10,False,C,False,False
Llama-3B,high_school_world_history,A,A,True,T1.2-Backspace-High5,False,T4.4-High-End10,False,A,False,False
Llama-3B,high_school_world_history,D,D,True,T1.2-Backspace-High5,False,T4.4-High-End10,False,D,False,False
Llama-3B,high_school_world_history,D,C,False,T1.2-Backspace-High5,False,T4.4-High-End10,False,D,False,True
Llama-3B,high_school_world_history,B,A,False,T1.2-Backspace-High5,False,T4.4-High-End10,False,A,False,False
Llama-3B,high_school_world_history,A,A,True,T1.2-Backspace-High5,False,T4.4-High-End10,False,A,False,False
Llama-3B,human_aging,C,C,True,T1.2-Backspace-High5,False,T4.4-High-End10,False,C,False,False
Llama-3B,human_aging,B,B,True,T1.2-Backspace-High5,False,T4.4-High-End10,False,B,False,False
Llama-3B,human_aging,C,C,True,T1.2-Backspace-High5,False,T4.4-High-End10,False,C,False,False
Llama-3B,human_aging,B,B,True,T1.2-Backspace-High5,False,T4.4-High-End10,False,B,False,False
Llama-3B,human_aging,A,A,True,T1.2-Backspace-High5,False,T4.4-High-End10,False,A,False,False
Llama-3B,human_sexuality,C,C,True,T1.2-Backspace-High5,False,T4.4-High-End10,False,C,False,False
Llama-3B,human_sexuality,D,D,True,T1.2-Backspace-High5,False,T4.4-High-End10,False,A,True,True
Llama-3B,human_sexuality,C,B,False,T1.2-Backspace-High5,False,T4.4-High-End10,False,C,False,True
Llama-3B,human_sexuality,D,B,False,T1.2-Backspace-High5,False,T4.4-High-End10,False,B,False,False
Llama-3B,human_sexuality,D,A,False,T1.2-Backspace-High5,False,T4.4-High-End10,False,A,False,False
Llama-3B,international_law,C,A,False,T1.2-Backspace-High5,False,T4.4-High-End10,False,A,False,False
Llama-3B,international_law,D,A,False,T1.2-Backspace-High5,False,T4.4-High-End10,False,A,False,False
Llama-3B,international_law,C,C,True,T1.2-Backspace-High5,False,T4.4-High-End10,True,C,False,False
Llama-3B,international_law,B,B,True,T1.2-Backspace-High5,False,T4.4-High-End10,False,A,True,True
Llama-3B,international_law,C,C,True,T1.2-Backspace-High5,False,T4.4-High-End10,False,C,False,False
Llama-3B,jurisprudence,C,C,True,T1.2-Backspace-High5,True,T4.4-High-End10,False,A,True,True
Llama-3B,jurisprudence,B,B,True,T1.2-Backspace-High5,False,T4.4-High-End10,False,B,False,False
Llama-3B,jurisprudence,A,B,False,T1.2-Backspace-High5,False,T4.4-High-End10,False,A,False,True
Llama-3B,jurisprudence,B,B,True,T1.2-Backspace-High5,False,T4.4-High-End10,True,B,False,False
Llama-3B,jurisprudence,A,C,False,T1.2-Backspace-High5,False,T4.4-High-End10,False,B,False,True
Llama-3B,logical_fallacies,C,C,True,T1.2-Backspace-High5,False,T4.4-High-End10,False,A,True,True
Llama-3B,logical_fallacies,A,B,False,T1.2-Backspace-High5,False,T4.4-High-End10,False,B,False,False
Llama-3B,logical_fallacies,B,C,False,T1.2-Backspace-High5,False,T4.4-High-End10,False,B,False,True
Llama-3B,logical_fallacies,D,D,True,T1.2-Backspace-High5,False,T4.4-High-End10,False,D,False,False
Llama-3B,logical_fallacies,B,A,False,T1.2-Backspace-High5,False,T4.4-High-End10,False,A,False,False
Llama-3B,machine_learning,A,A,True,T1.2-Backspace-High5,False,T4.4-High-End10,False,A,False,False
Llama-3B,machine_learning,C,A,False,T1.2-Backspace-High5,False,T4.4-High-End10,False,A,False,False
Llama-3B,machine_learning,A,A,True,T1.2-Backspace-High5,False,T4.4-High-End10,False,A,False,False
Llama-3B,machine_learning,A,B,False,T1.2-Backspace-High5,False,T4.4-High-End10,False,B,False,False
Llama-3B,machine_learning,B,C,False,T1.2-Backspace-High5,False,T4.4-High-End10,False,C,False,False
Llama-3B,management,A,D,False,T1.2-Backspace-High5,False,T4.4-High-End10,False,D,False,False
Llama-3B,management,B,B,True,T1.2-Backspace-High5,False,T4.4-High-End10,False,B,False,False
Llama-3B,management,D,B,False,T1.2-Backspace-High5,False,T4.4-High-End10,False,A,False,True
Llama-3B,management,D,C,False,T1.2-Backspace-High5,False,T4.4-High-End10,False,C,False,False
Llama-3B,management,C,C,True,T1.2-Backspace-High5,False,T4.4-High-End10,False,C,False,False
Llama-3B,marketing,D,D,True,T1.2-Backspace-High5,False,T4.4-High-End10,False,D,False,False
Llama-3B,marketing,A,D,False,T1.2-Backspace-High5,False,T4.4-High-End10,False,A,False,True
Llama-3B,marketing,C,A,False,T1.2-Backspace-High5,False,T4.4-High-End10,False,A,False,False
Llama-3B,marketing,A,C,False,T1.2-Backspace-High5,False,T4.4-High-End10,False,C,False,False
Llama-3B,marketing,C,C,True,T1.2-Backspace-High5,True,T4.4-High-End10,False,B,True,True
Llama-3B,medical_genetics,A,A,True,T1.2-Backspace-High5,True,T4.4-High-End10,True,D,True,True
Llama-3B,medical_genetics,B,B,True,T1.2-Backspace-High5,False,T4.4-High-End10,False,A,True,True
Llama-3B,medical_genetics,B,B,True,T1.2-Backspace-High5,False,T4.4-High-End10,False,B,False,False
Llama-3B,medical_genetics,A,B,False,T1.2-Backspace-High5,False,T4.4-High-End10,False,A,False,True
Llama-3B,medical_genetics,C,C,True,T1.2-Backspace-High5,False,T4.4-High-End10,False,C,False,False
Llama-3B,miscellaneous,B,D,False,T1.2-Backspace-High5,False,T4.4-High-End10,False,D,False,False
Llama-3B,miscellaneous,C,C,True,T1.2-Backspace-High5,False,T4.4-High-End10,False,B,True,True
Llama-3B,miscellaneous,A,B,False,T1.2-Backspace-High5,False,T4.4-High-End10,False,A,False,True
Llama-3B,miscellaneous,A,A,True,T1.2-Backspace-High5,False,T4.4-High-End10,False,A,False,False
Llama-3B,miscellaneous,A,C,False,T1.2-Backspace-High5,False,T4.4-High-End10,False,A,False,True
Llama-3B,moral_disputes,A,A,True,T1.2-Backspace-High5,False,T4.4-High-End10,False,A,False,False
Llama-3B,moral_disputes,A,C,False,T1.2-Backspace-High5,False,T4.4-High-End10,False,C,False,False
Llama-3B,moral_disputes,D,C,False,T1.2-Backspace-High5,False,T4.4-High-End10,False,C,False,False
Llama-3B,moral_disputes,D,A,False,T1.2-Backspace-High5,False,T4.4-High-End10,False,A,False,False
Llama-3B,moral_disputes,C,C,True,T1.2-Backspace-High5,False,T4.4-High-End10,False,A,True,True
Llama-3B,moral_scenarios,A,A,True,T1.2-Backspace-High5,False,T4.4-High-End10,True,A,False,False
Llama-3B,moral_scenarios,A,C,False,T1.2-Backspace-High5,False,T4.4-High-End10,False,B,False,True
Llama-3B,moral_scenarios,C,C,True,T1.2-Backspace-High5,False,T4.4-High-End10,True,B,True,True
Llama-3B,moral_scenarios,B,B,True,T1.2-Backspace-High5,False,T4.4-High-End10,False,B,False,False
Llama-3B,moral_scenarios,C,B,False,T1.2-Backspace-High5,False,T4.4-High-End10,False,B,False,False
Llama-3B,nutrition,D,B,False,T1.2-Backspace-High5,False,T4.4-High-End10,False,A,False,True
Llama-3B,nutrition,A,A,True,T1.2-Backspace-High5,False,T4.4-High-End10,False,A,False,False
Llama-3B,nutrition,D,D,True,T1.2-Backspace-High5,False,T4.4-High-End10,True,A,True,True
Llama-3B,nutrition,A,A,True,T1.2-Backspace-High5,False,T4.4-High-End10,False,A,False,False
Llama-3B,nutrition,D,D,True,T1.2-Backspace-High5,False,T4.4-High-End10,False,D,False,False
Llama-3B,philosophy,D,D,True,T1.2-Backspace-High5,False,T4.4-High-End10,False,D,False,False
Llama-3B,philosophy,B,B,True,T1.2-Backspace-High5,True,T4.4-High-End10,False,A,True,True
Llama-3B,philosophy,C,C,True,T1.2-Backspace-High5,False,T4.4-High-End10,True,A,True,True
Llama-3B,philosophy,B,B,True,T1.2-Backspace-High5,False,T4.4-High-End10,False,B,False,False
Llama-3B,philosophy,B,B,True,T1.2-Backspace-High5,False,T4.4-High-End10,False,B,False,False
Llama-3B,prehistory,B,D,False,T1.2-Backspace-High5,False,T4.4-High-End10,False,A,False,True
Llama-3B,prehistory,D,C,False,T1.2-Backspace-High5,False,T4.4-High-End10,False,C,False,False
Llama-3B,prehistory,D,C,False,T1.2-Backspace-High5,False,T4.4-High-End10,False,C,False,False
Llama-3B,prehistory,D,A,False,T1.2-Backspace-High5,False,T4.4-High-End10,False,A,False,False
Llama-3B,prehistory,B,B,True,T1.2-Backspace-High5,False,T4.4-High-End10,False,B,False,False
Llama-3B,professional_accounting,C,A,False,T1.2-Backspace-High5,False,T4.4-High-End10,False,A,False,False
Llama-3B,professional_accounting,A,A,True,T1.2-Backspace-High5,False,T4.4-High-End10,False,B,True,True
Llama-3B,professional_accounting,C,A,False,T1.2-Backspace-High5,False,T4.4-High-End10,False,A,False,False
Llama-3B,professional_accounting,D,D,True,T1.2-Backspace-High5,False,T4.4-High-End10,False,D,False,False
Llama-3B,professional_accounting,A,A,True,T1.2-Backspace-High5,False,T4.4-High-End10,False,D,True,True
Llama-3B,professional_law,D,A,False,T1.2-Backspace-High5,False,T4.4-High-End10,False,A,False,False
Llama-3B,professional_law,A,C,False,T1.2-Backspace-High5,False,T4.4-High-End10,False,C,False,False
Llama-3B,professional_law,C,A,False,T1.2-Backspace-High5,False,T4.4-High-End10,False,C,False,True
Llama-3B,professional_law,A,A,True,T1.2-Backspace-High5,False,T4.4-High-End10,False,A,False,False
Llama-3B,professional_law,D,A,False,T1.2-Backspace-High5,False,T4.4-High-End10,False,A,False,False
Llama-3B,professional_medicine,B,B,True,T1.2-Backspace-High5,False,T4.4-High-End10,False,B,False,False
Llama-3B,professional_medicine,B,B,True,T1.2-Backspace-High5,False,T4.4-High-End10,False,B,False,False
Llama-3B,professional_medicine,D,D,True,T1.2-Backspace-High5,False,T4.4-High-End10,False,D,False,False
Llama-3B,professional_medicine,D,A,False,T1.2-Backspace-High5,False,T4.4-High-End10,False,A,False,False
Llama-3B,professional_medicine,A,A,True,T1.2-Backspace-High5,False,T4.4-High-End10,False,A,False,False
Llama-3B,professional_psychology,C,C,True,T1.2-Backspace-High5,False,T4.4-High-End10,False,A,True,True
Llama-3B,professional_psychology,C,C,True,T1.2-Backspace-High5,False,T4.4-High-End10,False,A,True,True
Llama-3B,professional_psychology,C,B,False,T1.2-Backspace-High5,False,T4.4-High-End10,False,B,False,False
Llama-3B,professional_psychology,D,D,True,T1.2-Backspace-High5,False,T4.4-High-End10,False,D,False,False
Llama-3B,professional_psychology,B,A,False,T1.2-Backspace-High5,False,T4.4-High-End10,False,A,False,False
Llama-3B,public_relations,C,C,True,T1.2-Backspace-High5,False,T4.4-High-End10,False,C,False,False
Llama-3B,public_relations,C,D,False,T1.2-Backspace-High5,False,T4.4-High-End10,False,C,False,True
Llama-3B,public_relations,C,D,False,T1.2-Backspace-High5,False,T4.4-High-End10,False,D,False,False
Llama-3B,public_relations,A,A,True,T1.2-Backspace-High5,True,T4.4-High-End10,False,B,True,True
Llama-3B,public_relations,B,B,True,T1.2-Backspace-High5,False,T4.4-High-End10,False,A,True,True
Llama-3B,security_studies,C,A,False,T1.2-Backspace-High5,False,T4.4-High-End10,False,A,False,False
Llama-3B,security_studies,D,D,True,T1.2-Backspace-High5,False,T4.4-High-End10,False,A,True,True
Llama-3B,security_studies,D,A,False,T1.2-Backspace-High5,False,T4.4-High-End10,False,A,False,False
Llama-3B,security_studies,D,C,False,T1.2-Backspace-High5,False,T4.4-High-End10,False,C,False,False
Llama-3B,security_studies,A,A,True,T1.2-Backspace-High5,False,T4.4-High-End10,False,A,False,False
Llama-3B,sociology,A,A,True,T1.2-Backspace-High5,False,T4.4-High-End10,False,A,False,False
Llama-3B,sociology,A,A,True,T1.2-Backspace-High5,False,T4.4-High-End10,False,A,False,False
Llama-3B,sociology,D,D,True,T1.2-Backspace-High5,True,T4.4-High-End10,False,A,True,True
Llama-3B,sociology,B,A,False,T1.2-Backspace-High5,False,T4.4-High-End10,False,A,False,False
Llama-3B,sociology,C,A,False,T1.2-Backspace-High5,False,T4.4-High-End10,False,A,False,False
Llama-3B,us_foreign_policy,A,A,True,T1.2-Backspace-High5,False,T4.4-High-End10,False,A,False,False
Llama-3B,us_foreign_policy,D,C,False,T1.2-Backspace-High5,False,T4.4-High-End10,False,D,False,True
Llama-3B,us_foreign_policy,D,D,True,T1.2-Backspace-High5,False,T4.4-High-End10,False,D,False,False
Llama-3B,us_foreign_policy,C,C,True,T1.2-Backspace-High5,False,T4.4-High-End10,False,A,True,True
Llama-3B,us_foreign_policy,A,A,True,T1.2-Backspace-High5,False,T4.4-High-End10,False,A,False,False
Llama-3B,virology,C,B,False,T1.2-Backspace-High5,False,T4.4-High-End10,False,C,False,True
Llama-3B,virology,C,B,False,T1.2-Backspace-High5,False,T4.4-High-End10,False,B,False,False
Llama-3B,virology,D,A,False,T1.2-Backspace-High5,False,T4.4-High-End10,False,A,False,False
Llama-3B,virology,C,C,True,T1.2-Backspace-High5,False,T4.4-High-End10,False,C,False,False
Llama-3B,virology,A,A,True,T1.2-Backspace-High5,False,T4.4-High-End10,False,A,False,False
Llama-3B,world_religions,A,C,False,T1.2-Backspace-High5,False,T4.4-High-End10,False,C,False,False
Llama-3B,world_religions,A,B,False,T1.2-Backspace-High5,False,T4.4-High-End10,False,C,False,True
Llama-3B,world_religions,B,B,True,T1.2-Backspace-High5,False,T4.4-High-End10,False,B,False,False
Llama-3B,world_religions,C,C,True,T1.2-Backspace-High5,False,T4.4-High-End10,False,A,True,True
Llama-3B,world_religions,C,A,False,T1.2-Backspace-High5,False,T4.4-High-End10,False,C,False,True
Mistral-7B,abstract_algebra,C,C,True,T1.2-Backspace-High5,True,T4.4-Mixed-End,True,A,True,True
Mistral-7B,abstract_algebra,C,A,False,T1.2-Backspace-High5,False,T4.4-Mixed-End,False,A,False,False
Mistral-7B,abstract_algebra,D,A,False,T1.2-Backspace-High5,False,T4.4-Mixed-End,False,A,False,False
Mistral-7B,abstract_algebra,C,C,True,T1.2-Backspace-High5,False,T4.4-Mixed-End,False,C,False,False
Mistral-7B,abstract_algebra,C,D,False,T1.2-Backspace-High5,False,T4.4-Mixed-End,False,D,False,False
Mistral-7B,anatomy,A,A,True,T1.2-Backspace-High5,False,T4.4-Mixed-End,False,A,False,False
Mistral-7B,anatomy,C,C,True,T1.2-Backspace-High5,False,T4.4-Mixed-End,False,C,False,False
Mistral-7B,anatomy,C,A,False,T1.2-Backspace-High5,False,T4.4-Mixed-End,False,A,False,False
Mistral-7B,anatomy,C,C,True,T1.2-Backspace-High5,False,T4.4-Mixed-End,False,C,False,False
Mistral-7B,anatomy,B,B,True,T1.2-Backspace-High5,False,T4.4-Mixed-End,False,D,True,True
Mistral-7B,astronomy,B,C,False,T1.2-Backspace-High5,False,T4.4-Mixed-End,False,C,False,False
Mistral-7B,astronomy,A,A,True,T1.2-Backspace-High5,False,T4.4-Mixed-End,True,A,False,False
Mistral-7B,astronomy,D,D,True,T1.2-Backspace-High5,True,T4.4-Mixed-End,True,B,True,True
Mistral-7B,astronomy,A,A,True,T1.2-Backspace-High5,False,T4.4-Mixed-End,False,A,False,False
Mistral-7B,astronomy,D,A,False,T1.2-Backspace-High5,False,T4.4-Mixed-End,False,A,False,False
Mistral-7B,business_ethics,D,C,False,T1.2-Backspace-High5,False,T4.4-Mixed-End,False,C,False,False
Mistral-7B,business_ethics,C,C,True,T1.2-Backspace-High5,False,T4.4-Mixed-End,False,C,False,False
Mistral-7B,business_ethics,B,A,False,T1.2-Backspace-High5,False,T4.4-Mixed-End,False,A,False,False
Mistral-7B,business_ethics,D,D,True,T1.2-Backspace-High5,False,T4.4-Mixed-End,False,D,False,False
Mistral-7B,business_ethics,B,C,False,T1.2-Backspace-High5,False,T4.4-Mixed-End,False,B,False,True
Mistral-7B,clinical_knowledge,D,C,False,T1.2-Backspace-High5,False,T4.4-Mixed-End,False,C,False,False
Mistral-7B,clinical_knowledge,A,A,True,T1.2-Backspace-High5,False,T4.4-Mixed-End,False,A,False,False
Mistral-7B,clinical_knowledge,D,C,False,T1.2-Backspace-High5,False,T4.4-Mixed-End,False,C,False,False
Mistral-7B,clinical_knowledge,B,B,True,T1.2-Backspace-High5,False,T4.4-Mixed-End,False,B,False,False
Mistral-7B,clinical_knowledge,D,D,True,T1.2-Backspace-High5,True,T4.4-Mixed-End,False,D,False,False
Mistral-7B,college_biology,C,C,True,T1.2-Backspace-High5,False,T4.4-Mixed-End,False,C,False,False
Mistral-7B,college_biology,A,A,True,T1.2-Backspace-High5,False,T4.4-Mixed-End,False,A,False,False
Mistral-7B,college_biology,D,D,True,T1.2-Backspace-High5,False,T4.4-Mixed-End,False,D,False,False
Mistral-7B,college_biology,D,D,True,T1.2-Backspace-High5,False,T4.4-Mixed-End,False,D,False,False
Mistral-7B,college_biology,C,A,False,T1.2-Backspace-High5,False,T4.4-Mixed-End,False,A,False,False
Mistral-7B,college_chemistry,D,A,False,T1.2-Backspace-High5,False,T4.4-Mixed-End,False,A,False,False
Mistral-7B,college_chemistry,A,A,True,T1.2-Backspace-High5,False,T4.4-Mixed-End,False,D,True,True
Mistral-7B,college_chemistry,D,A,False,T1.2-Backspace-High5,False,T4.4-Mixed-End,False,A,False,False
Mistral-7B,college_chemistry,A,A,True,T1.2-Backspace-High5,False,T4.4-Mixed-End,False,A,False,False
Mistral-7B,college_chemistry,D,A,False,T1.2-Backspace-High5,False,T4.4-Mixed-End,False,A,False,False
Mistral-7B,college_computer_science,A,A,True,T1.2-Backspace-High5,True,T4.4-Mixed-End,False,A,False,False
Mistral-7B,college_computer_science,C,C,True,T1.2-Backspace-High5,False,T4.4-Mixed-End,False,C,False,False
Mistral-7B,college_computer_science,D,B,False,T1.2-Backspace-High5,False,T4.4-Mixed-End,False,C,False,True
Mistral-7B,college_computer_science,C,C,True,T1.2-Backspace-High5,False,T4.4-Mixed-End,True,D,True,True
Mistral-7B,college_computer_science,D,D,True,T1.2-Backspace-High5,False,T4.4-Mixed-End,False,D,False,False
Mistral-7B,college_mathematics,C,A,False,T1.2-Backspace-High5,False,T4.4-Mixed-End,False,A,False,False
Mistral-7B,college_mathematics,C,C,True,T1.2-Backspace-High5,False,T4.4-Mixed-End,False,C,False,False
Mistral-7B,college_mathematics,D,C,False,T1.2-Backspace-High5,False,T4.4-Mixed-End,False,C,False,False
Mistral-7B,college_mathematics,A,D,False,T1.2-Backspace-High5,False,T4.4-Mixed-End,False,A,False,True
Mistral-7B,college_mathematics,D,A,False,T1.2-Backspace-High5,False,T4.4-Mixed-End,False,A,False,False
Mistral-7B,college_medicine,D,B,False,T1.2-Backspace-High5,False,T4.4-Mixed-End,False,D,False,True
Mistral-7B,college_medicine,D,D,True,T1.2-Backspace-High5,False,T4.4-Mixed-End,False,D,False,False
Mistral-7B,college_medicine,B,A,False,T1.2-Backspace-High5,False,T4.4-Mixed-End,False,A,False,False
Mistral-7B,college_medicine,C,C,True,T1.2-Backspace-High5,False,T4.4-Mixed-End,False,C,False,False
Mistral-7B,college_medicine,D,B,False,T1.2-Backspace-High5,False,T4.4-Mixed-End,False,B,False,False
Mistral-7B,college_physics,D,D,True,T1.2-Backspace-High5,False,T4.4-Mixed-End,False,D,False,False
Mistral-7B,college_physics,A,A,True,T1.2-Backspace-High5,False,T4.4-Mixed-End,False,A,False,False
Mistral-7B,college_physics,D,C,False,T1.2-Backspace-High5,False,T4.4-Mixed-End,False,C,False,False
Mistral-7B,college_physics,D,B,False,T1.2-Backspace-High5,False,T4.4-Mixed-End,False,B,False,False
Mistral-7B,college_physics,C,C,True,T1.2-Backspace-High5,True,T4.4-Mixed-End,False,C,False,False
Mistral-7B,computer_security,C,C,True,T1.2-Backspace-High5,False,T4.4-Mixed-End,False,C,False,False
Mistral-7B,computer_security,B,C,False,T1.2-Backspace-High5,False,T4.4-Mixed-End,False,A,False,True
Mistral-7B,computer_security,A,B,False,T1.2-Backspace-High5,False,T4.4-Mixed-End,False,B,False,False
Mistral-7B,computer_security,D,D,True,T1.2-Backspace-High5,False,T4.4-Mixed-End,False,D,False,False
Mistral-7B,computer_security,A,D,False,T1.2-Backspace-High5,False,T4.4-Mixed-End,False,D,False,False
Mistral-7B,conceptual_physics,C,A,False,T1.2-Backspace-High5,False,T4.4-Mixed-End,False,A,False,False
Mistral-7B,conceptual_physics,B,B,True,T1.2-Backspace-High5,False,T4.4-Mixed-End,False,B,False,False
Mistral-7B,conceptual_physics,D,D,True,T1.2-Backspace-High5,False,T4.4-Mixed-End,True,C,True,True
Mistral-7B,conceptual_physics,D,A,False,T1.2-Backspace-High5,False,T4.4-Mixed-End,False,C,False,True
Mistral-7B,conceptual_physics,A,A,True,T1.2-Backspace-High5,False,T4.4-Mixed-End,False,A,False,False
Mistral-7B,econometrics,D,A,False,T1.2-Backspace-High5,False,T4.4-Mixed-End,False,A,False,False
Mistral-7B,econometrics,C,C,True,T1.2-Backspace-High5,False,T4.4-Mixed-End,False,C,False,False
Mistral-7B,econometrics,C,D,False,T1.2-Backspace-High5,False,T4.4-Mixed-End,False,A,False,True
Mistral-7B,econometrics,C,D,False,T1.2-Backspace-High5,False,T4.4-Mixed-End,False,A,False,True
Mistral-7B,econometrics,B,A,False,T1.2-Backspace-High5,False,T4.4-Mixed-End,False,A,False,False
Mistral-7B,electrical_engineering,A,A,True,T1.2-Backspace-High5,False,T4.4-Mixed-End,False,A,False,False
Mistral-7B,electrical_engineering,C,C,True,T1.2-Backspace-High5,False,T4.4-Mixed-End,False,C,False,False
Mistral-7B,electrical_engineering,A,A,True,T1.2-Backspace-High5,False,T4.4-Mixed-End,False,A,False,False
Mistral-7B,electrical_engineering,A,B,False,T1.2-Backspace-High5,False,T4.4-Mixed-End,False,B,False,False
Mistral-7B,electrical_engineering,A,D,False,T1.2-Backspace-High5,False,T4.4-Mixed-End,False,D,False,False
Mistral-7B,elementary_mathematics,A,A,True,T1.2-Backspace-High5,False,T4.4-Mixed-End,False,A,False,False
Mistral-7B,elementary_mathematics,A,B,False,T1.2-Backspace-High5,False,T4.4-Mixed-End,False,A,False,True
Mistral-7B,elementary_mathematics,B,A,False,T1.2-Backspace-High5,False,T4.4-Mixed-End,False,B,False,True
Mistral-7B,elementary_mathematics,C,C,True,T1.2-Backspace-High5,False,T4.4-Mixed-End,False,C,False,False
Mistral-7B,elementary_mathematics,A,C,False,T1.2-Backspace-High5,False,T4.4-Mixed-End,False,A,False,True
Mistral-7B,formal_logic,A,B,False,T1.2-Backspace-High5,False,T4.4-Mixed-End,False,B,False,False
Mistral-7B,formal_logic,B,B,True,T1.2-Backspace-High5,False,T4.4-Mixed-End,False,B,False,False
Mistral-7B,formal_logic,C,B,False,T1.2-Backspace-High5,False,T4.4-Mixed-End,False,C,False,True
Mistral-7B,formal_logic,A,C,False,T1.2-Backspace-High5,False,T4.4-Mixed-End,False,B,False,True
Mistral-7B,formal_logic,C,A,False,T1.2-Backspace-High5,False,T4.4-Mixed-End,False,C,False,True
Mistral-7B,global_facts,B,B,True,T1.2-Backspace-High5,False,T4.4-Mixed-End,False,B,False,False
Mistral-7B,global_facts,D,A,False,T1.2-Backspace-High5,False,T4.4-Mixed-End,False,A,False,False
Mistral-7B,global_facts,B,A,False,T1.2-Backspace-High5,False,T4.4-Mixed-End,False,A,False,False
Mistral-7B,global_facts,C,C,True,T1.2-Backspace-High5,False,T4.4-Mixed-End,False,C,False,False
Mistral-7B,global_facts,C,A,False,T1.2-Backspace-High5,False,T4.4-Mixed-End,False,D,False,True
Mistral-7B,high_school_biology,D,D,True,T1.2-Backspace-High5,False,T4.4-Mixed-End,False,D,False,False
Mistral-7B,high_school_biology,C,B,False,T1.2-Backspace-High5,False,T4.4-Mixed-End,False,B,False,False
Mistral-7B,high_school_biology,B,B,True,T1.2-Backspace-High5,False,T4.4-Mixed-End,True,C,True,True
Mistral-7B,high_school_biology,D,D,True,T1.2-Backspace-High5,False,T4.4-Mixed-End,True,D,False,False
Mistral-7B,high_school_biology,C,C,True,T1.2-Backspace-High5,False,T4.4-Mixed-End,False,C,False,False
Mistral-7B,high_school_chemistry,C,B,False,T1.2-Backspace-High5,False,T4.4-Mixed-End,False,B,False,False
Mistral-7B,high_school_chemistry,A,A,True,T1.2-Backspace-High5,False,T4.4-Mixed-End,False,B,True,True
Mistral-7B,high_school_chemistry,D,A,False,T1.2-Backspace-High5,False,T4.4-Mixed-End,False,A,False,False
Mistral-7B,high_school_chemistry,B,C,False,T1.2-Backspace-High5,False,T4.4-Mixed-End,False,C,False,False
Mistral-7B,high_school_chemistry,B,B,True,T1.2-Backspace-High5,False,T4.4-Mixed-End,False,B,False,False
Mistral-7B,high_school_computer_science,B,B,True,T1.2-Backspace-High5,False,T4.4-Mixed-End,False,B,False,False
Mistral-7B,high_school_computer_science,A,A,True,T1.2-Backspace-High5,False,T4.4-Mixed-End,True,D,True,True
Mistral-7B,high_school_computer_science,B,A,False,T1.2-Backspace-High5,False,T4.4-Mixed-End,False,A,False,False
Mistral-7B,high_school_computer_science,B,A,False,T1.2-Backspace-High5,False,T4.4-Mixed-End,False,A,False,False
Mistral-7B,high_school_computer_science,C,C,True,T1.2-Backspace-High5,False,T4.4-Mixed-End,False,C,False,False
Mistral-7B,high_school_european_history,D,D,True,T1.2-Backspace-High5,False,T4.4-Mixed-End,False,D,False,False
Mistral-7B,high_school_european_history,C,C,True,T1.2-Backspace-High5,False,T4.4-Mixed-End,False,C,False,False
Mistral-7B,high_school_european_history,D,D,True,T1.2-Backspace-High5,False,T4.4-Mixed-End,False,D,False,False
Mistral-7B,high_school_european_history,B,A,False,T1.2-Backspace-High5,False,T4.4-Mixed-End,False,B,False,True
Mistral-7B,high_school_european_history,B,C,False,T1.2-Backspace-High5,False,T4.4-Mixed-End,False,C,False,False
Mistral-7B,high_school_geography,C,C,True,T1.2-Backspace-High5,False,T4.4-Mixed-End,False,C,False,False
Mistral-7B,high_school_geography,B,B,True,T1.2-Backspace-High5,True,T4.4-Mixed-End,False,B,False,False
Mistral-7B,high_school_geography,D,D,True,T1.2-Backspace-High5,False,T4.4-Mixed-End,False,D,False,False
Mistral-7B,high_school_geography,A,A,True,T1.2-Backspace-High5,False,T4.4-Mixed-End,False,B,True,True
Mistral-7B,high_school_geography,B,B,True,T1.2-Backspace-High5,False,T4.4-Mixed-End,False,B,False,False
Mistral-7B,high_school_government_and_politics,C,C,True,T1.2-Backspace-High5,False,T4.4-Mixed-End,False,C,False,False
Mistral-7B,high_school_government_and_politics,A,A,True,T1.2-Backspace-High5,False,T4.4-Mixed-End,False,A,False,False
Mistral-7B,high_school_government_and_politics,D,C,False,T1.2-Backspace-High5,False,T4.4-Mixed-End,False,A,False,True
Mistral-7B,high_school_government_and_politics,C,C,True,T1.2-Backspace-High5,False,T4.4-Mixed-End,False,C,False,False
Mistral-7B,high_school_government_and_politics,D,D,True,T1.2-Backspace-High5,False,T4.4-Mixed-End,False,D,False,False
Mistral-7B,high_school_macroeconomics,A,A,True,T1.2-Backspace-High5,False,T4.4-Mixed-End,False,A,False,False
Mistral-7B,high_school_macroeconomics,D,B,False,T1.2-Backspace-High5,False,T4.4-Mixed-End,False,D,False,True
Mistral-7B,high_school_macroeconomics,D,C,False,T1.2-Backspace-High5,False,T4.4-Mixed-End,False,D,False,True
Mistral-7B,high_school_macroeconomics,B,A,False,T1.2-Backspace-High5,False,T4.4-Mixed-End,False,A,False,False
Mistral-7B,high_school_macroeconomics,D,A,False,T1.2-Backspace-High5,False,T4.4-Mixed-End,False,B,False,True
Mistral-7B,high_school_mathematics,C,C,True,T1.2-Backspace-High5,False,T4.4-Mixed-End,False,C,False,False
Mistral-7B,high_school_mathematics,C,A,False,T1.2-Backspace-High5,False,T4.4-Mixed-End,False,A,False,False
Mistral-7B,high_school_mathematics,B,B,True,T1.2-Backspace-High5,False,T4.4-Mixed-End,False,B,False,False
Mistral-7B,high_school_mathematics,C,D,False,T1.2-Backspace-High5,False,T4.4-Mixed-End,False,D,False,False
Mistral-7B,high_school_mathematics,D,B,False,T1.2-Backspace-High5,False,T4.4-Mixed-End,False,B,False,False
Mistral-7B,high_school_microeconomics,C,A,False,T1.2-Backspace-High5,False,T4.4-Mixed-End,False,A,False,False
Mistral-7B,high_school_microeconomics,D,B,False,T1.2-Backspace-High5,False,T4.4-Mixed-End,False,D,False,True
Mistral-7B,high_school_microeconomics,D,D,True,T1.2-Backspace-High5,False,T4.4-Mixed-End,False,D,False,False
Mistral-7B,high_school_microeconomics,D,C,False,T1.2-Backspace-High5,False,T4.4-Mixed-End,False,C,False,False
Mistral-7B,high_school_microeconomics,D,C,False,T1.2-Backspace-High5,False,T4.4-Mixed-End,False,C,False,False
Mistral-7B,high_school_physics,B,B,True,T1.2-Backspace-High5,False,T4.4-Mixed-End,False,B,False,False
Mistral-7B,high_school_physics,A,B,False,T1.2-Backspace-High5,False,T4.4-Mixed-End,False,B,False,False
Mistral-7B,high_school_physics,A,C,False,T1.2-Backspace-High5,False,T4.4-Mixed-End,False,C,False,False
Mistral-7B,high_school_physics,D,B,False,T1.2-Backspace-High5,False,T4.4-Mixed-End,False,B,False,False
Mistral-7B,high_school_physics,A,B,False,T1.2-Backspace-High5,False,T4.4-Mixed-End,False,B,False,False
Mistral-7B,high_school_psychology,A,A,True,T1.2-Backspace-High5,False,T4.4-Mixed-End,False,A,False,False
Mistral-7B,high_school_psychology,A,D,False,T1.2-Backspace-High5,False,T4.4-Mixed-End,False,D,False,False
Mistral-7B,high_school_psychology,C,C,True,T1.2-Backspace-High5,False,T4.4-Mixed-End,False,C,False,False
Mistral-7B,high_school_psychology,C,D,False,T1.2-Backspace-High5,False,T4.4-Mixed-End,False,D,False,False
Mistral-7B,high_school_psychology,C,C,True,T1.2-Backspace-High5,False,T4.4-Mixed-End,False,C,False,False
Mistral-7B,high_school_statistics,D,D,True,T1.2-Backspace-High5,False,T4.4-Mixed-End,False,D,False,False
Mistral-7B,high_school_statistics,A,B,False,T1.2-Backspace-High5,False,T4.4-Mixed-End,False,B,False,False
Mistral-7B,high_school_statistics,D,A,False,T1.2-Backspace-High5,False,T4.4-Mixed-End,False,A,False,False
Mistral-7B,high_school_statistics,A,A,True,T1.2-Backspace-High5,False,T4.4-Mixed-End,False,A,False,False
Mistral-7B,high_school_statistics,D,A,False,T1.2-Backspace-High5,False,T4.4-Mixed-End,False,A,False,False
Mistral-7B,high_school_us_history,C,C,True,T1.2-Backspace-High5,False,T4.4-Mixed-End,False,C,False,False
Mistral-7B,high_school_us_history,B,B,True,T1.2-Backspace-High5,False,T4.4-Mixed-End,False,B,False,False
Mistral-7B,high_school_us_history,A,A,True,T1.2-Backspace-High5,False,T4.4-Mixed-End,False,A,False,False
Mistral-7B,high_school_us_history,D,D,True,T1.2-Backspace-High5,False,T4.4-Mixed-End,False,D,False,False
Mistral-7B,high_school_us_history,C,A,False,T1.2-Backspace-High5,False,T4.4-Mixed-End,False,A,False,False
Mistral-7B,high_school_world_history,A,A,True,T1.2-Backspace-High5,False,T4.4-Mixed-End,False,A,False,False
Mistral-7B,high_school_world_history,D,D,True,T1.2-Backspace-High5,False,T4.4-Mixed-End,False,D,False,False
Mistral-7B,high_school_world_history,D,D,True,T1.2-Backspace-High5,False,T4.4-Mixed-End,False,D,False,False
Mistral-7B,high_school_world_history,B,D,False,T1.2-Backspace-High5,False,T4.4-Mixed-End,False,D,False,False
Mistral-7B,high_school_world_history,A,A,True,T1.2-Backspace-High5,False,T4.4-Mixed-End,False,A,False,False
Mistral-7B,human_aging,C,C,True,T1.2-Backspace-High5,False,T4.4-Mixed-End,False,C,False,False
Mistral-7B,human_aging,B,C,False,T1.2-Backspace-High5,False,T4.4-Mixed-End,False,C,False,False
Mistral-7B,human_aging,C,C,True,T1.2-Backspace-High5,False,T4.4-Mixed-End,False,C,False,False
Mistral-7B,human_aging,B,B,True,T1.2-Backspace-High5,False,T4.4-Mixed-End,False,B,False,False
Mistral-7B,human_aging,A,A,True,T1.2-Backspace-High5,False,T4.4-Mixed-End,False,A,False,False
Mistral-7B,human_sexuality,C,C,True,T1.2-Backspace-High5,False,T4.4-Mixed-End,False,C,False,False
Mistral-7B,human_sexuality,D,D,True,T1.2-Backspace-High5,False,T4.4-Mixed-End,False,D,False,False
Mistral-7B,human_sexuality,C,C,True,T1.2-Backspace-High5,False,T4.4-Mixed-End,False,C,False,False
Mistral-7B,human_sexuality,D,A,False,T1.2-Backspace-High5,False,T4.4-Mixed-End,False,A,False,False
Mistral-7B,human_sexuality,D,A,False,T1.2-Backspace-High5,False,T4.4-Mixed-End,False,D,False,True
Mistral-7B,international_law,C,A,False,T1.2-Backspace-High5,False,T4.4-Mixed-End,False,A,False,False
Mistral-7B,international_law,D,D,True,T1.2-Backspace-High5,True,T4.4-Mixed-End,False,C,True,True
Mistral-7B,international_law,C,C,True,T1.2-Backspace-High5,False,T4.4-Mixed-End,False,C,False,False
Mistral-7B,international_law,B,B,True,T1.2-Backspace-High5,False,T4.4-Mixed-End,False,A,True,True
Mistral-7B,international_law,C,C,True,T1.2-Backspace-High5,False,T4.4-Mixed-End,False,C,False,False
Mistral-7B,jurisprudence,C,C,True,T1.2-Backspace-High5,False,T4.4-Mixed-End,False,C,False,False
Mistral-7B,jurisprudence,B,B,True,T1.2-Backspace-High5,False,T4.4-Mixed-End,True,B,False,False
Mistral-7B,jurisprudence,A,B,False,T1.2-Backspace-High5,False,T4.4-Mixed-End,False,C,False,True
Mistral-7B,jurisprudence,B,D,False,T1.2-Backspace-High5,False,T4.4-Mixed-End,False,D,False,False
Mistral-7B,jurisprudence,A,C,False,T1.2-Backspace-High5,False,T4.4-Mixed-End,False,A,False,True
Mistral-7B,logical_fallacies,C,C,True,T1.2-Backspace-High5,False,T4.4-Mixed-End,False,C,False,False
Mistral-7B,logical_fallacies,A,B,False,T1.2-Backspace-High5,False,T4.4-Mixed-End,False,B,False,False
Mistral-7B,logical_fallacies,B,B,True,T1.2-Backspace-High5,True,T4.4-Mixed-End,False,D,True,True
Mistral-7B,logical_fallacies,D,D,True,T1.2-Backspace-High5,False,T4.4-Mixed-End,False,D,False,False
Mistral-7B,logical_fallacies,B,B,True,T1.2-Backspace-High5,True,T4.4-Mixed-End,True,A,True,True
Mistral-7B,machine_learning,A,A,True,T1.2-Backspace-High5,False,T4.4-Mixed-End,False,A,False,False
Mistral-7B,machine_learning,C,A,False,T1.2-Backspace-High5,False,T4.4-Mixed-End,False,A,False,False
Mistral-7B,machine_learning,A,A,True,T1.2-Backspace-High5,False,T4.4-Mixed-End,False,A,False,False
Mistral-7B,machine_learning,A,A,True,T1.2-Backspace-High5,True,T4.4-Mixed-End,False,B,True,True
Mistral-7B,machine_learning,B,C,False,T1.2-Backspace-High5,False,T4.4-Mixed-End,False,B,False,True
Mistral-7B,management,A,D,False,T1.2-Backspace-High5,False,T4.4-Mixed-End,False,A,False,True
Mistral-7B,management,B,B,True,T1.2-Backspace-High5,False,T4.4-Mixed-End,False,B,False,False
Mistral-7B,management,D,C,False,T1.2-Backspace-High5,False,T4.4-Mixed-End,False,C,False,False
Mistral-7B,management,D,D,True,T1.2-Backspace-High5,False,T4.4-Mixed-End,False,D,False,False
Mistral-7B,management,C,C,True,T1.2-Backspace-High5,False,T4.4-Mixed-End,False,C,False,False
Mistral-7B,marketing,D,D,True,T1.2-Backspace-High5,False,T4.4-Mixed-End,False,D,False,False
Mistral-7B,marketing,A,A,True,T1.2-Backspace-High5,False,T4.4-Mixed-End,False,A,False,False
Mistral-7B,marketing,C,C,True,T1.2-Backspace-High5,False,T4.4-Mixed-End,False,C,False,False
Mistral-7B,marketing,A,C,False,T1.2-Backspace-High5,False,T4.4-Mixed-End,False,C,False,False
Mistral-7B,marketing,C,C,True,T1.2-Backspace-High5,False,T4.4-Mixed-End,False,C,False,False
Mistral-7B,medical_genetics,A,A,True,T1.2-Backspace-High5,False,T4.4-Mixed-End,False,A,False,False
Mistral-7B,medical_genetics,B,B,True,T1.2-Backspace-High5,False,T4.4-Mixed-End,False,B,False,False
Mistral-7B,medical_genetics,B,A,False,T1.2-Backspace-High5,False,T4.4-Mixed-End,False,A,False,False
Mistral-7B,medical_genetics,A,D,False,T1.2-Backspace-High5,False,T4.4-Mixed-End,False,A,False,True
Mistral-7B,medical_genetics,C,C,True,T1.2-Backspace-High5,False,T4.4-Mixed-End,False,C,False,False
Mistral-7B,miscellaneous,B,B,True,T1.2-Backspace-High5,False,T4.4-Mixed-End,False,B,False,False
Mistral-7B,miscellaneous,C,C,True,T1.2-Backspace-High5,False,T4.4-Mixed-End,False,C,False,False
Mistral-7B,miscellaneous,A,A,True,T1.2-Backspace-High5,False,T4.4-Mixed-End,False,A,False,False
Mistral-7B,miscellaneous,A,A,True,T1.2-Backspace-High5,False,T4.4-Mixed-End,False,A,False,False
Mistral-7B,miscellaneous,A,A,True,T1.2-Backspace-High5,False,T4.4-Mixed-End,False,A,False,False
Mistral-7B,moral_disputes,A,A,True,T1.2-Backspace-High5,False,T4.4-Mixed-End,False,A,False,False
Mistral-7B,moral_disputes,A,C,False,T1.2-Backspace-High5,False,T4.4-Mixed-End,False,C,False,False
Mistral-7B,moral_disputes,D,C,False,T1.2-Backspace-High5,False,T4.4-Mixed-End,False,C,False,False
Mistral-7B,moral_disputes,D,B,False,T1.2-Backspace-High5,False,T4.4-Mixed-End,False,D,False,True
Mistral-7B,moral_disputes,C,C,True,T1.2-Backspace-High5,False,T4.4-Mixed-End,False,C,False,False
Mistral-7B,moral_scenarios,A,A,True,T1.2-Backspace-High5,False,T4.4-Mixed-End,False,A,False,False
Mistral-7B,moral_scenarios,A,C,False,T1.2-Backspace-High5,False,T4.4-Mixed-End,False,C,False,False
Mistral-7B,moral_scenarios,C,B,False,T1.2-Backspace-High5,False,T4.4-Mixed-End,False,C,False,True
Mistral-7B,moral_scenarios,B,A,False,T1.2-Backspace-High5,False,T4.4-Mixed-End,False,A,False,False
Mistral-7B,moral_scenarios,C,B,False,T1.2-Backspace-High5,False,T4.4-Mixed-End,False,B,False,False
Mistral-7B,nutrition,D,B,False,T1.2-Backspace-High5,False,T4.4-Mixed-End,False,B,False,False
Mistral-7B,nutrition,A,A,True,T1.2-Backspace-High5,False,T4.4-Mixed-End,False,A,False,False
Mistral-7B,nutrition,D,D,True,T1.2-Backspace-High5,False,T4.4-Mixed-End,False,D,False,False
Mistral-7B,nutrition,A,A,True,T1.2-Backspace-High5,False,T4.4-Mixed-End,False,A,False,False
Mistral-7B,nutrition,D,D,True,T1.2-Backspace-High5,False,T4.4-Mixed-End,False,D,False,False
Mistral-7B,philosophy,D,D,True,T1.2-Backspace-High5,False,T4.4-Mixed-End,False,D,False,False
Mistral-7B,philosophy,B,B,True,T1.2-Backspace-High5,False,T4.4-Mixed-End,False,B,False,False
Mistral-7B,philosophy,C,C,True,T1.2-Backspace-High5,False,T4.4-Mixed-End,False,C,False,False
Mistral-7B,philosophy,B,A,False,T1.2-Backspace-High5,False,T4.4-Mixed-End,False,A,False,False
Mistral-7B,philosophy,B,B,True,T1.2-Backspace-High5,False,T4.4-Mixed-End,False,B,False,False
Mistral-7B,prehistory,B,D,False,T1.2-Backspace-High5,False,T4.4-Mixed-End,False,D,False,False
Mistral-7B,prehistory,D,B,False,T1.2-Backspace-High5,False,T4.4-Mixed-End,False,B,False,False
Mistral-7B,prehistory,D,C,False,T1.2-Backspace-High5,False,T4.4-Mixed-End,False,C,False,False
Mistral-7B,prehistory,D,A,False,T1.2-Backspace-High5,False,T4.4-Mixed-End,False,A,False,False
Mistral-7B,prehistory,B,B,True,T1.2-Backspace-High5,False,T4.4-Mixed-End,False,B,False,False
Mistral-7B,professional_accounting,C,C,True,T1.2-Backspace-High5,False,T4.4-Mixed-End,False,C,False,False
Mistral-7B,professional_accounting,A,A,True,T1.2-Backspace-High5,False,T4.4-Mixed-End,False,A,False,False
Mistral-7B,professional_accounting,C,A,False,T1.2-Backspace-High5,False,T4.4-Mixed-End,False,A,False,False
Mistral-7B,professional_accounting,D,D,True,T1.2-Backspace-High5,False,T4.4-Mixed-End,False,D,False,False
Mistral-7B,professional_accounting,A,A,True,T1.2-Backspace-High5,False,T4.4-Mixed-End,False,A,False,False
Mistral-7B,professional_law,D,A,False,T1.2-Backspace-High5,False,T4.4-Mixed-End,False,C,False,True
Mistral-7B,professional_law,A,C,False,T1.2-Backspace-High5,False,T4.4-Mixed-End,False,C,False,False
Mistral-7B,professional_law,C,C,True,T1.2-Backspace-High5,False,T4.4-Mixed-End,False,C,False,False
Mistral-7B,professional_law,A,B,False,T1.2-Backspace-High5,False,T4.4-Mixed-End,False,B,False,False
Mistral-7B,professional_law,D,D,True,T1.2-Backspace-High5,False,T4.4-Mixed-End,False,D,False,False
Mistral-7B,professional_medicine,B,B,True,T1.2-Backspace-High5,False,T4.4-Mixed-End,False,B,False,False
Mistral-7B,professional_medicine,B,B,True,T1.2-Backspace-High5,False,T4.4-Mixed-End,False,B,False,False
Mistral-7B,professional_medicine,D,A,False,T1.2-Backspace-High5,False,T4.4-Mixed-End,False,B,False,True
Mistral-7B,professional_medicine,D,D,True,T1.2-Backspace-High5,False,T4.4-Mixed-End,False,D,False,False
Mistral-7B,professional_medicine,A,A,True,T1.2-Backspace-High5,False,T4.4-Mixed-End,False,A,False,False
Mistral-7B,professional_psychology,C,B,False,T1.2-Backspace-High5,False,T4.4-Mixed-End,False,B,False,False
Mistral-7B,professional_psychology,C,C,True,T1.2-Backspace-High5,True,T4.4-Mixed-End,False,C,False,False
Mistral-7B,professional_psychology,C,C,True,T1.2-Backspace-High5,False,T4.4-Mixed-End,False,C,False,False
Mistral-7B,professional_psychology,D,D,True,T1.2-Backspace-High5,False,T4.4-Mixed-End,False,D,False,False
Mistral-7B,professional_psychology,B,D,False,T1.2-Backspace-High5,False,T4.4-Mixed-End,False,D,False,False
Mistral-7B,public_relations,C,C,True,T1.2-Backspace-High5,False,T4.4-Mixed-End,False,C,False,False
Mistral-7B,public_relations,C,A,False,T1.2-Backspace-High5,False,T4.4-Mixed-End,False,A,False,False
Mistral-7B,public_relations,C,D,False,T1.2-Backspace-High5,False,T4.4-Mixed-End,False,D,False,False
Mistral-7B,public_relations,A,A,True,T1.2-Backspace-High5,False,T4.4-Mixed-End,False,A,False,False
Mistral-7B,public_relations,B,B,True,T1.2-Backspace-High5,False,T4.4-Mixed-End,False,B,False,False
Mistral-7B,security_studies,C,D,False,T1.2-Backspace-High5,False,T4.4-Mixed-End,False,D,False,False
Mistral-7B,security_studies,D,D,True,T1.2-Backspace-High5,False,T4.4-Mixed-End,False,D,False,False
Mistral-7B,security_studies,D,D,True,T1.2-Backspace-High5,False,T4.4-Mixed-End,False,D,False,False
Mistral-7B,security_studies,D,C,False,T1.2-Backspace-High5,False,T4.4-Mixed-End,False,C,False,False
Mistral-7B,security_studies,A,A,True,T1.2-Backspace-High5,False,T4.4-Mixed-End,False,A,False,False
Mistral-7B,sociology,A,A,True,T1.2-Backspace-High5,False,T4.4-Mixed-End,False,A,False,False
Mistral-7B,sociology,A,A,True,T1.2-Backspace-High5,False,T4.4-Mixed-End,False,A,False,False
Mistral-7B,sociology,D,A,False,T1.2-Backspace-High5,False,T4.4-Mixed-End,False,A,False,False
Mistral-7B,sociology,B,B,True,T1.2-Backspace-High5,False,T4.4-Mixed-End,False,B,False,False
Mistral-7B,sociology,C,A,False,T1.2-Backspace-High5,False,T4.4-Mixed-End,False,C,False,True
Mistral-7B,us_foreign_policy,A,A,True,T1.2-Backspace-High5,False,T4.4-Mixed-End,False,A,False,False
Mistral-7B,us_foreign_policy,D,D,True,T1.2-Backspace-High5,False,T4.4-Mixed-End,False,D,False,False
Mistral-7B,us_foreign_policy,D,A,False,T1.2-Backspace-High5,False,T4.4-Mixed-End,False,A,False,False
Mistral-7B,us_foreign_policy,C,C,True,T1.2-Backspace-High5,False,T4.4-Mixed-End,False,C,False,False
Mistral-7B,us_foreign_policy,A,A,True,T1.2-Backspace-High5,False,T4.4-Mixed-End,False,A,False,False
Mistral-7B,virology,C,B,False,T1.2-Backspace-High5,False,T4.4-Mixed-End,False,B,False,False
Mistral-7B,virology,C,B,False,T1.2-Backspace-High5,False,T4.4-Mixed-End,False,B,False,False
Mistral-7B,virology,D,D,True,T1.2-Backspace-High5,False,T4.4-Mixed-End,False,D,False,False
Mistral-7B,virology,C,C,True,T1.2-Backspace-High5,False,T4.4-Mixed-End,False,A,True,True
Mistral-7B,virology,A,A,True,T1.2-Backspace-High5,True,T4.4-Mixed-End,False,C,True,True
Mistral-7B,world_religions,A,A,True,T1.2-Backspace-High5,False,T4.4-Mixed-End,False,A,False,False
Mistral-7B,world_religions,A,B,False,T1.2-Backspace-High5,False,T4.4-Mixed-End,False,A,False,True
Mistral-7B,world_religions,B,B,True,T1.2-Backspace-High5,False,T4.4-Mixed-End,False,B,False,False
Mistral-7B,world_religions,C,C,True,T1.2-Backspace-High5,False,T4.4-Mixed-End,False,C,False,False
Mistral-7B,world_religions,C,C,True,T1.2-Backspace-High5,False,T4.4-Mixed-End,True,C,False,False
Qwen-1.5B,abstract_algebra,C,C,True,T1.2-Backspace-High5,False,T4.4-Mixed-End,False,C,False,False
Qwen-1.5B,abstract_algebra,C,C,True,T1.2-Backspace-High5,False,T4.4-Mixed-End,False,C,False,False
Qwen-1.5B,abstract_algebra,D,C,False,T1.2-Backspace-High5,False,T4.4-Mixed-End,False,C,False,False
Qwen-1.5B,abstract_algebra,C,C,True,T1.2-Backspace-High5,False,T4.4-Mixed-End,False,C,False,False
Qwen-1.5B,abstract_algebra,C,D,False,T1.2-Backspace-High5,False,T4.4-Mixed-End,False,C,False,True
Qwen-1.5B,anatomy,A,A,True,T1.2-Backspace-High5,False,T4.4-Mixed-End,False,A,False,False
Qwen-1.5B,anatomy,C,C,True,T1.2-Backspace-High5,False,T4.4-Mixed-End,False,C,False,False
Qwen-1.5B,anatomy,C,B,False,T1.2-Backspace-High5,False,T4.4-Mixed-End,False,B,False,False
Qwen-1.5B,anatomy,C,C,True,T1.2-Backspace-High5,False,T4.4-Mixed-End,False,C,False,False
Qwen-1.5B,anatomy,B,B,True,T1.2-Backspace-High5,False,T4.4-Mixed-End,False,B,False,False
Qwen-1.5B,astronomy,B,C,False,T1.2-Backspace-High5,False,T4.4-Mixed-End,False,C,False,False
Qwen-1.5B,astronomy,A,C,False,T1.2-Backspace-High5,False,T4.4-Mixed-End,False,C,False,False
Qwen-1.5B,astronomy,D,D,True,T1.2-Backspace-High5,False,T4.4-Mixed-End,False,D,False,False
Qwen-1.5B,astronomy,A,A,True,T1.2-Backspace-High5,False,T4.4-Mixed-End,False,A,False,False
Qwen-1.5B,astronomy,D,D,True,T1.2-Backspace-High5,True,T4.4-Mixed-End,False,C,True,True
Qwen-1.5B,business_ethics,D,D,True,T1.2-Backspace-High5,True,T4.4-Mixed-End,False,C,True,True
Qwen-1.5B,business_ethics,C,C,True,T1.2-Backspace-High5,False,T4.4-Mixed-End,False,C,False,False
Qwen-1.5B,business_ethics,B,B,True,T1.2-Backspace-High5,False,T4.4-Mixed-End,True,C,True,True
Qwen-1.5B,business_ethics,D,D,True,T1.2-Backspace-High5,False,T4.4-Mixed-End,False,D,False,False
Qwen-1.5B,business_ethics,B,C,False,T1.2-Backspace-High5,False,T4.4-Mixed-End,False,C,False,False
Qwen-1.5B,clinical_knowledge,D,C,False,T1.2-Backspace-High5,False,T4.4-Mixed-End,False,D,False,True
Qwen-1.5B,clinical_knowledge,A,B,False,T1.2-Backspace-High5,False,T4.4-Mixed-End,False,A,False,True
Qwen-1.5B,clinical_knowledge,D,B,False,T1.2-Backspace-High5,False,T4.4-Mixed-End,False,C,False,True
Qwen-1.5B,clinical_knowledge,B,B,True,T1.2-Backspace-High5,False,T4.4-Mixed-End,False,B,False,False
Qwen-1.5B,clinical_knowledge,D,D,True,T1.2-Backspace-High5,False,T4.4-Mixed-End,False,D,False,False
Qwen-1.5B,college_biology,C,C,True,T1.2-Backspace-High5,False,T4.4-Mixed-End,False,C,False,False
Qwen-1.5B,college_biology,A,A,True,T1.2-Backspace-High5,False,T4.4-Mixed-End,True,A,False,False
Qwen-1.5B,college_biology,D,D,True,T1.2-Backspace-High5,False,T4.4-Mixed-End,False,D,False,False
Qwen-1.5B,college_biology,D,C,False,T1.2-Backspace-High5,False,T4.4-Mixed-End,False,C,False,False
Qwen-1.5B,college_biology,C,A,False,T1.2-Backspace-High5,False,T4.4-Mixed-End,False,A,False,False
Qwen-1.5B,college_chemistry,D,B,False,T1.2-Backspace-High5,False,T4.4-Mixed-End,False,D,False,True
Qwen-1.5B,college_chemistry,A,B,False,T1.2-Backspace-High5,False,T4.4-Mixed-End,False,A,False,True
Qwen-1.5B,college_chemistry,D,B,False,T1.2-Backspace-High5,False,T4.4-Mixed-End,False,B,False,False
Qwen-1.5B,college_chemistry,A,C,False,T1.2-Backspace-High5,False,T4.4-Mixed-End,False,C,False,False
Qwen-1.5B,college_chemistry,D,A,False,T1.2-Backspace-High5,False,T4.4-Mixed-End,False,A,False,False
Qwen-1.5B,college_computer_science,A,B,False,T1.2-Backspace-High5,False,T4.4-Mixed-End,False,A,False,True
Qwen-1.5B,college_computer_science,C,C,True,T1.2-Backspace-High5,False,T4.4-Mixed-End,False,C,False,False
Qwen-1.5B,college_computer_science,D,C,False,T1.2-Backspace-High5,False,T4.4-Mixed-End,False,C,False,False
Qwen-1.5B,college_computer_science,C,C,True,T1.2-Backspace-High5,False,T4.4-Mixed-End,True,D,True,True
Qwen-1.5B,college_computer_science,D,B,False,T1.2-Backspace-High5,False,T4.4-Mixed-End,False,A,False,True
Qwen-1.5B,college_mathematics,C,C,True,T1.2-Backspace-High5,False,T4.4-Mixed-End,False,C,False,False
Qwen-1.5B,college_mathematics,C,C,True,T1.2-Backspace-High5,False,T4.4-Mixed-End,False,C,False,False
Qwen-1.5B,college_mathematics,D,C,False,T1.2-Backspace-High5,False,T4.4-Mixed-End,False,C,False,False
Qwen-1.5B,college_mathematics,A,B,False,T1.2-Backspace-High5,False,T4.4-Mixed-End,False,B,False,False
Qwen-1.5B,college_mathematics,D,C,False,T1.2-Backspace-High5,False,T4.4-Mixed-End,False,D,False,True
Qwen-1.5B,college_medicine,D,D,True,T1.2-Backspace-High5,False,T4.4-Mixed-End,False,D,False,False
Qwen-1.5B,college_medicine,D,B,False,T1.2-Backspace-High5,False,T4.4-Mixed-End,False,B,False,False
Qwen-1.5B,college_medicine,B,A,False,T1.2-Backspace-High5,False,T4.4-Mixed-End,False,A,False,False
Qwen-1.5B,college_medicine,C,C,True,T1.2-Backspace-High5,True,T4.4-Mixed-End,True,B,True,True
Qwen-1.5B,college_medicine,D,D,True,T1.2-Backspace-High5,False,T4.4-Mixed-End,False,D,False,False
Qwen-1.5B,college_physics,D,D,True,T1.2-Backspace-High5,False,T4.4-Mixed-End,True,D,False,False
Qwen-1.5B,college_physics,A,B,False,T1.2-Backspace-High5,False,T4.4-Mixed-End,False,C,False,True
Qwen-1.5B,college_physics,D,C,False,T1.2-Backspace-High5,False,T4.4-Mixed-End,False,B,False,True
Qwen-1.5B,college_physics,D,B,False,T1.2-Backspace-High5,False,T4.4-Mixed-End,False,B,False,False
Qwen-1.5B,college_physics,C,B,False,T1.2-Backspace-High5,False,T4.4-Mixed-End,False,B,False,False
Qwen-1.5B,computer_security,C,C,True,T1.2-Backspace-High5,False,T4.4-Mixed-End,False,C,False,False
Qwen-1.5B,computer_security,B,C,False,T1.2-Backspace-High5,False,T4.4-Mixed-End,False,C,False,False
Qwen-1.5B,computer_security,A,B,False,T1.2-Backspace-High5,False,T4.4-Mixed-End,False,B,False,False
Qwen-1.5B,computer_security,D,D,True,T1.2-Backspace-High5,False,T4.4-Mixed-End,False,D,False,False
Qwen-1.5B,computer_security,A,D,False,T1.2-Backspace-High5,False,T4.4-Mixed-End,False,D,False,False
Qwen-1.5B,conceptual_physics,C,A,False,T1.2-Backspace-High5,False,T4.4-Mixed-End,False,A,False,False
Qwen-1.5B,conceptual_physics,B,B,True,T1.2-Backspace-High5,False,T4.4-Mixed-End,False,B,False,False
Qwen-1.5B,conceptual_physics,D,D,True,T1.2-Backspace-High5,False,T4.4-Mixed-End,False,D,False,False
Qwen-1.5B,conceptual_physics,D,D,True,T1.2-Backspace-High5,False,T4.4-Mixed-End,False,B,True,True
Qwen-1.5B,conceptual_physics,A,C,False,T1.2-Backspace-High5,False,T4.4-Mixed-End,False,A,False,True
Qwen-1.5B,econometrics,D,A,False,T1.2-Backspace-High5,False,T4.4-Mixed-End,False,A,False,False
Qwen-1.5B,econometrics,C,C,True,T1.2-Backspace-High5,False,T4.4-Mixed-End,False,C,False,False
Qwen-1.5B,econometrics,C,C,True,T1.2-Backspace-High5,False,T4.4-Mixed-End,False,C,False,False
Qwen-1.5B,econometrics,C,B,False,T1.2-Backspace-High5,False,T4.4-Mixed-End,False,A,False,True
Qwen-1.5B,econometrics,B,B,True,T1.2-Backspace-High5,True,T4.4-Mixed-End,False,C,True,True
Qwen-1.5B,electrical_engineering,A,C,False,T1.2-Backspace-High5,False,T4.4-Mixed-End,False,D,False,True
Qwen-1.5B,electrical_engineering,C,A,False,T1.2-Backspace-High5,False,T4.4-Mixed-End,False,C,False,True
Qwen-1.5B,electrical_engineering,A,A,True,T1.2-Backspace-High5,False,T4.4-Mixed-End,False,A,False,False
Qwen-1.5B,electrical_engineering,A,B,False,T1.2-Backspace-High5,False,T4.4-Mixed-End,False,B,False,False
Qwen-1.5B,electrical_engineering,A,C,False,T1.2-Backspace-High5,False,T4.4-Mixed-End,False,C,False,False
Qwen-1.5B,elementary_mathematics,A,A,True,T1.2-Backspace-High5,False,T4.4-Mixed-End,False,A,False,False
Qwen-1.5B,elementary_mathematics,A,B,False,T1.2-Backspace-High5,False,T4.4-Mixed-End,False,B,False,False
Qwen-1.5B,elementary_mathematics,B,B,True,T1.2-Backspace-High5,False,T4.4-Mixed-End,False,B,False,False
Qwen-1.5B,elementary_mathematics,C,C,True,T1.2-Backspace-High5,False,T4.4-Mixed-End,False,C,False,False
Qwen-1.5B,elementary_mathematics,A,A,True,T1.2-Backspace-High5,True,T4.4-Mixed-End,False,A,False,False
Qwen-1.5B,formal_logic,A,B,False,T1.2-Backspace-High5,False,T4.4-Mixed-End,False,B,False,False
Qwen-1.5B,formal_logic,B,B,True,T1.2-Backspace-High5,False,T4.4-Mixed-End,False,B,False,False
Qwen-1.5B,formal_logic,C,C,True,T1.2-Backspace-High5,False,T4.4-Mixed-End,False,C,False,False
Qwen-1.5B,formal_logic,A,B,False,T1.2-Backspace-High5,False,T4.4-Mixed-End,False,B,False,False
Qwen-1.5B,formal_logic,C,C,True,T1.2-Backspace-High5,False,T4.4-Mixed-End,False,C,False,False
Qwen-1.5B,global_facts,B,C,False,T1.2-Backspace-High5,False,T4.4-Mixed-End,False,D,False,True
Qwen-1.5B,global_facts,D,B,False,T1.2-Backspace-High5,False,T4.4-Mixed-End,False,B,False,False
Qwen-1.5B,global_facts,B,B,True,T1.2-Backspace-High5,False,T4.4-Mixed-End,False,B,False,False
Qwen-1.5B,global_facts,C,D,False,T1.2-Backspace-High5,False,T4.4-Mixed-End,False,D,False,False
Qwen-1.5B,global_facts,C,D,False,T1.2-Backspace-High5,False,T4.4-Mixed-End,False,D,False,False
Qwen-1.5B,high_school_biology,D,D,True,T1.2-Backspace-High5,False,T4.4-Mixed-End,False,D,False,False
Qwen-1.5B,high_school_biology,C,B,False,T1.2-Backspace-High5,False,T4.4-Mixed-End,False,A,False,True
Qwen-1.5B,high_school_biology,B,B,True,T1.2-Backspace-High5,False,T4.4-Mixed-End,False,B,False,False
Qwen-1.5B,high_school_biology,D,D,True,T1.2-Backspace-High5,True,T4.4-Mixed-End,False,A,True,True
Qwen-1.5B,high_school_biology,C,B,False,T1.2-Backspace-High5,False,T4.4-Mixed-End,False,B,False,False
Qwen-1.5B,high_school_chemistry,C,C,True,T1.2-Backspace-High5,False,T4.4-Mixed-End,True,C,False,False
Qwen-1.5B,high_school_chemistry,A,A,True,T1.2-Backspace-High5,False,T4.4-Mixed-End,False,A,False,False
Qwen-1.5B,high_school_chemistry,D,A,False,T1.2-Backspace-High5,False,T4.4-Mixed-End,False,A,False,False
Qwen-1.5B,high_school_chemistry,B,B,True,T1.2-Backspace-High5,False,T4.4-Mixed-End,False,B,False,False
Qwen-1.5B,high_school_chemistry,B,B,True,T1.2-Backspace-High5,False,T4.4-Mixed-End,False,B,False,False
Qwen-1.5B,high_school_computer_science,B,B,True,T1.2-Backspace-High5,False,T4.4-Mixed-End,False,B,False,False
Qwen-1.5B,high_school_computer_science,A,A,True,T1.2-Backspace-High5,False,T4.4-Mixed-End,False,A,False,False
Qwen-1.5B,high_school_computer_science,B,B,True,T1.2-Backspace-High5,False,T4.4-Mixed-End,False,D,True,True
Qwen-1.5B,high_school_computer_science,B,C,False,T1.2-Backspace-High5,False,T4.4-Mixed-End,False,D,False,True
Qwen-1.5B,high_school_computer_science,C,C,True,T1.2-Backspace-High5,False,T4.4-Mixed-End,False,C,False,False
Qwen-1.5B,high_school_european_history,D,D,True,T1.2-Backspace-High5,False,T4.4-Mixed-End,False,D,False,False
Qwen-1.5B,high_school_european_history,C,C,True,T1.2-Backspace-High5,False,T4.4-Mixed-End,False,C,False,False
Qwen-1.5B,high_school_european_history,D,D,True,T1.2-Backspace-High5,False,T4.4-Mixed-End,False,D,False,False
Qwen-1.5B,high_school_european_history,B,B,True,T1.2-Backspace-High5,False,T4.4-Mixed-End,False,B,False,False
Qwen-1.5B,high_school_european_history,B,B,True,T1.2-Backspace-High5,False,T4.4-Mixed-End,False,B,False,False
Qwen-1.5B,high_school_geography,C,C,True,T1.2-Backspace-High5,False,T4.4-Mixed-End,False,C,False,False
Qwen-1.5B,high_school_geography,B,B,True,T1.2-Backspace-High5,False,T4.4-Mixed-End,False,B,False,False
Qwen-1.5B,high_school_geography,D,D,True,T1.2-Backspace-High5,False,T4.4-Mixed-End,False,D,False,False
Qwen-1.5B,high_school_geography,A,A,True,T1.2-Backspace-High5,True,T4.4-Mixed-End,True,B,True,True
Qwen-1.5B,high_school_geography,B,B,True,T1.2-Backspace-High5,False,T4.4-Mixed-End,False,B,False,False
Qwen-1.5B,high_school_government_and_politics,C,D,False,T1.2-Backspace-High5,False,T4.4-Mixed-End,False,C,False,True
Qwen-1.5B,high_school_government_and_politics,A,B,False,T1.2-Backspace-High5,False,T4.4-Mixed-End,False,B,False,False
Qwen-1.5B,high_school_government_and_politics,D,D,True,T1.2-Backspace-High5,False,T4.4-Mixed-End,False,D,False,False
Qwen-1.5B,high_school_government_and_politics,C,C,True,T1.2-Backspace-High5,False,T4.4-Mixed-End,True,A,True,True
Qwen-1.5B,high_school_government_and_politics,D,D,True,T1.2-Backspace-High5,False,T4.4-Mixed-End,False,D,False,False
Qwen-1.5B,high_school_macroeconomics,A,A,True,T1.2-Backspace-High5,False,T4.4-Mixed-End,False,A,False,False
Qwen-1.5B,high_school_macroeconomics,D,D,True,T1.2-Backspace-High5,False,T4.4-Mixed-End,False,D,False,False
Qwen-1.5B,high_school_macroeconomics,D,D,True,T1.2-Backspace-High5,False,T4.4-Mixed-End,False,D,False,False
Qwen-1.5B,high_school_macroeconomics,B,A,False,T1.2-Backspace-High5,False,T4.4-Mixed-End,False,A,False,False
Qwen-1.5B,high_school_macroeconomics,D,D,True,T1.2-Backspace-High5,False,T4.4-Mixed-End,True,D,False,False
Qwen-1.5B,high_school_mathematics,C,C,True,T1.2-Backspace-High5,False,T4.4-Mixed-End,False,C,False,False
Qwen-1.5B,high_school_mathematics,C,B,False,T1.2-Backspace-High5,False,T4.4-Mixed-End,False,B,False,False
Qwen-1.5B,high_school_mathematics,B,B,True,T1.2-Backspace-High5,False,T4.4-Mixed-End,False,B,False,False
Qwen-1.5B,high_school_mathematics,C,C,True,T1.2-Backspace-High5,False,T4.4-Mixed-End,False,C,False,False
Qwen-1.5B,high_school_mathematics,D,B,False,T1.2-Backspace-High5,False,T4.4-Mixed-End,False,D,False,True
Qwen-1.5B,high_school_microeconomics,C,C,True,T1.2-Backspace-High5,False,T4.4-Mixed-End,False,C,False,False
Qwen-1.5B,high_school_microeconomics,D,D,True,T1.2-Backspace-High5,False,T4.4-Mixed-End,False,D,False,False
Qwen-1.5B,high_school_microeconomics,D,A,False,T1.2-Backspace-High5,False,T4.4-Mixed-End,False,A,False,False
Qwen-1.5B,high_school_microeconomics,D,C,False,T1.2-Backspace-High5,False,T4.4-Mixed-End,False,C,False,False
Qwen-1.5B,high_school_microeconomics,D,D,True,T1.2-Backspace-High5,False,T4.4-Mixed-End,False,D,False,False
Qwen-1.5B,high_school_physics,B,B,True,T1.2-Backspace-High5,False,T4.4-Mixed-End,False,B,False,False
Qwen-1.5B,high_school_physics,A,A,True,T1.2-Backspace-High5,False,T4.4-Mixed-End,False,A,False,False
Qwen-1.5B,high_school_physics,A,A,True,T1.2-Backspace-High5,False,T4.4-Mixed-End,False,D,True,True
Qwen-1.5B,high_school_physics,D,B,False,T1.2-Backspace-High5,False,T4.4-Mixed-End,False,C,False,True
Qwen-1.5B,high_school_physics,A,A,True,T1.2-Backspace-High5,False,T4.4-Mixed-End,True,D,True,True
Qwen-1.5B,high_school_psychology,A,A,True,T1.2-Backspace-High5,False,T4.4-Mixed-End,False,A,False,False
Qwen-1.5B,high_school_psychology,A,A,True,T1.2-Backspace-High5,False,T4.4-Mixed-End,False,A,False,False
Qwen-1.5B,high_school_psychology,C,C,True,T1.2-Backspace-High5,False,T4.4-Mixed-End,False,C,False,False
Qwen-1.5B,high_school_psychology,C,B,False,T1.2-Backspace-High5,False,T4.4-Mixed-End,False,D,False,True
Qwen-1.5B,high_school_psychology,C,C,True,T1.2-Backspace-High5,False,T4.4-Mixed-End,False,C,False,False
Qwen-1.5B,high_school_statistics,D,D,True,T1.2-Backspace-High5,False,T4.4-Mixed-End,False,D,False,False
Qwen-1.5B,high_school_statistics,A,B,False,T1.2-Backspace-High5,False,T4.4-Mixed-End,False,B,False,False
Qwen-1.5B,high_school_statistics,D,D,True,T1.2-Backspace-High5,False,T4.4-Mixed-End,False,D,False,False
Qwen-1.5B,high_school_statistics,A,C,False,T1.2-Backspace-High5,False,T4.4-Mixed-End,False,C,False,False
Qwen-1.5B,high_school_statistics,D,A,False,T1.2-Backspace-High5,False,T4.4-Mixed-End,False,A,False,False
Qwen-1.5B,high_school_us_history,C,C,True,T1.2-Backspace-High5,False,T4.4-Mixed-End,False,C,False,False
Qwen-1.5B,high_school_us_history,B,B,True,T1.2-Backspace-High5,True,T4.4-Mixed-End,False,A,True,True
Qwen-1.5B,high_school_us_history,A,A,True,T1.2-Backspace-High5,False,T4.4-Mixed-End,False,A,False,False
Qwen-1.5B,high_school_us_history,D,C,False,T1.2-Backspace-High5,False,T4.4-Mixed-End,False,D,False,True
Qwen-1.5B,high_school_us_history,C,C,True,T1.2-Backspace-High5,True,T4.4-Mixed-End,False,A,True,True
Qwen-1.5B,high_school_world_history,A,A,True,T1.2-Backspace-High5,False,T4.4-Mixed-End,False,A,False,False
Qwen-1.5B,high_school_world_history,D,D,True,T1.2-Backspace-High5,False,T4.4-Mixed-End,False,D,False,False
Qwen-1.5B,high_school_world_history,D,B,False,T1.2-Backspace-High5,False,T4.4-Mixed-End,False,A,False,True
Qwen-1.5B,high_school_world_history,B,D,False,T1.2-Backspace-High5,False,T4.4-Mixed-End,False,D,False,False
Qwen-1.5B,high_school_world_history,A,A,True,T1.2-Backspace-High5,False,T4.4-Mixed-End,False,A,False,False
Qwen-1.5B,human_aging,C,C,True,T1.2-Backspace-High5,False,T4.4-Mixed-End,False,C,False,False
Qwen-1.5B,human_aging,B,C,False,T1.2-Backspace-High5,False,T4.4-Mixed-End,False,B,False,True
Qwen-1.5B,human_aging,C,C,True,T1.2-Backspace-High5,False,T4.4-Mixed-End,False,D,True,True
Qwen-1.5B,human_aging,B,B,True,T1.2-Backspace-High5,False,T4.4-Mixed-End,False,B,False,False
Qwen-1.5B,human_aging,A,A,True,T1.2-Backspace-High5,False,T4.4-Mixed-End,False,A,False,False
Qwen-1.5B,human_sexuality,C,C,True,T1.2-Backspace-High5,False,T4.4-Mixed-End,False,C,False,False
Qwen-1.5B,human_sexuality,D,D,True,T1.2-Backspace-High5,False,T4.4-Mixed-End,False,D,False,False
Qwen-1.5B,human_sexuality,C,B,False,T1.2-Backspace-High5,False,T4.4-Mixed-End,False,C,False,True
Qwen-1.5B,human_sexuality,D,B,False,T1.2-Backspace-High5,False,T4.4-Mixed-End,False,B,False,False
Qwen-1.5B,human_sexuality,D,A,False,T1.2-Backspace-High5,False,T4.4-Mixed-End,False,A,False,False
Qwen-1.5B,international_law,C,A,False,T1.2-Backspace-High5,False,T4.4-Mixed-End,False,B,False,True
Qwen-1.5B,international_law,D,D,True,T1.2-Backspace-High5,False,T4.4-Mixed-End,False,D,False,False
Qwen-1.5B,international_law,C,C,True,T1.2-Backspace-High5,False,T4.4-Mixed-End,False,C,False,False
Qwen-1.5B,international_law,B,B,True,T1.2-Backspace-High5,True,T4.4-Mixed-End,True,A,True,True
Qwen-1.5B,international_law,C,C,True,T1.2-Backspace-High5,False,T4.4-Mixed-End,False,C,False,False
Qwen-1.5B,jurisprudence,C,C,True,T1.2-Backspace-High5,False,T4.4-Mixed-End,False,C,False,False
Qwen-1.5B,jurisprudence,B,B,True,T1.2-Backspace-High5,False,T4.4-Mixed-End,False,B,False,False
Qwen-1.5B,jurisprudence,A,C,False,T1.2-Backspace-High5,False,T4.4-Mixed-End,False,C,False,False
Qwen-1.5B,jurisprudence,B,B,True,T1.2-Backspace-High5,True,T4.4-Mixed-End,True,D,True,True
Qwen-1.5B,jurisprudence,A,B,False,T1.2-Backspace-High5,False,T4.4-Mixed-End,False,B,False,False
Qwen-1.5B,logical_fallacies,C,A,False,T1.2-Backspace-High5,False,T4.4-Mixed-End,False,A,False,False
Qwen-1.5B,logical_fallacies,A,C,False,T1.2-Backspace-High5,False,T4.4-Mixed-End,False,C,False,False
Qwen-1.5B,logical_fallacies,B,B,True,T1.2-Backspace-High5,False,T4.4-Mixed-End,False,B,False,False
Qwen-1.5B,logical_fallacies,D,D,True,T1.2-Backspace-High5,True,T4.4-Mixed-End,False,D,False,False
Qwen-1.5B,logical_fallacies,B,A,False,T1.2-Backspace-High5,False,T4.4-Mixed-End,False,A,False,False
Qwen-1.5B,machine_learning,A,A,True,T1.2-Backspace-High5,False,T4.4-Mixed-End,False,A,False,False
Qwen-1.5B,machine_learning,C,A,False,T1.2-Backspace-High5,False,T4.4-Mixed-End,False,A,False,False
Qwen-1.5B,machine_learning,A,A,True,T1.2-Backspace-High5,False,T4.4-Mixed-End,False,A,False,False
Qwen-1.5B,machine_learning,A,B,False,T1.2-Backspace-High5,False,T4.4-Mixed-End,False,B,False,False
Qwen-1.5B,machine_learning,B,C,False,T1.2-Backspace-High5,False,T4.4-Mixed-End,False,C,False,False
Qwen-1.5B,management,A,D,False,T1.2-Backspace-High5,False,T4.4-Mixed-End,False,D,False,False
Qwen-1.5B,management,B,B,True,T1.2-Backspace-High5,False,T4.4-Mixed-End,False,B,False,False
Qwen-1.5B,management,D,C,False,T1.2-Backspace-High5,False,T4.4-Mixed-End,False,D,False,True
Qwen-1.5B,management,D,D,True,T1.2-Backspace-High5,True,T4.4-Mixed-End,False,D,False,False
Qwen-1.5B,management,C,C,True,T1.2-Backspace-High5,False,T4.4-Mixed-End,False,C,False,False
Qwen-1.5B,marketing,D,D,True,T1.2-Backspace-High5,False,T4.4-Mixed-End,False,D,False,False
Qwen-1.5B,marketing,A,D,False,T1.2-Backspace-High5,False,T4.4-Mixed-End,False,D,False,False
Qwen-1.5B,marketing,C,C,True,T1.2-Backspace-High5,False,T4.4-Mixed-End,True,C,False,False
Qwen-1.5B,marketing,A,D,False,T1.2-Backspace-High5,False,T4.4-Mixed-End,False,C,False,True
Qwen-1.5B,marketing,C,C,True,T1.2-Backspace-High5,False,T4.4-Mixed-End,False,C,False,False
Qwen-1.5B,medical_genetics,A,D,False,T1.2-Backspace-High5,False,T4.4-Mixed-End,False,D,False,False
Qwen-1.5B,medical_genetics,B,B,True,T1.2-Backspace-High5,False,T4.4-Mixed-End,False,B,False,False
Qwen-1.5B,medical_genetics,B,B,True,T1.2-Backspace-High5,False,T4.4-Mixed-End,False,B,False,False
Qwen-1.5B,medical_genetics,A,D,False,T1.2-Backspace-High5,False,T4.4-Mixed-End,False,D,False,False
Qwen-1.5B,medical_genetics,C,C,True,T1.2-Backspace-High5,False,T4.4-Mixed-End,False,C,False,False
Qwen-1.5B,miscellaneous,B,D,False,T1.2-Backspace-High5,False,T4.4-Mixed-End,False,D,False,False
Qwen-1.5B,miscellaneous,C,C,True,T1.2-Backspace-High5,False,T4.4-Mixed-End,False,C,False,False
Qwen-1.5B,miscellaneous,A,C,False,T1.2-Backspace-High5,False,T4.4-Mixed-End,False,C,False,False
Qwen-1.5B,miscellaneous,A,A,True,T1.2-Backspace-High5,False,T4.4-Mixed-End,True,B,True,True
Qwen-1.5B,miscellaneous,A,B,False,T1.2-Backspace-High5,False,T4.4-Mixed-End,False,A,False,True
Qwen-1.5B,moral_disputes,A,A,True,T1.2-Backspace-High5,False,T4.4-Mixed-End,False,A,False,False
Qwen-1.5B,moral_disputes,A,A,True,T1.2-Backspace-High5,False,T4.4-Mixed-End,False,A,False,False
Qwen-1.5B,moral_disputes,D,C,False,T1.2-Backspace-High5,False,T4.4-Mixed-End,False,C,False,False
Qwen-1.5B,moral_disputes,D,B,False,T1.2-Backspace-High5,False,T4.4-Mixed-End,False,B,False,False
Qwen-1.5B,moral_disputes,C,C,True,T1.2-Backspace-High5,False,T4.4-Mixed-End,False,C,False,False
Qwen-1.5B,moral_scenarios,A,B,False,T1.2-Backspace-High5,False,T4.4-Mixed-End,False,B,False,False
Qwen-1.5B,moral_scenarios,A,B,False,T1.2-Backspace-High5,False,T4.4-Mixed-End,False,B,False,False
Qwen-1.5B,moral_scenarios,C,B,False,T1.2-Backspace-High5,False,T4.4-Mixed-End,False,B,False,False
Qwen-1.5B,moral_scenarios,B,B,True,T1.2-Backspace-High5,False,T4.4-Mixed-End,False,B,False,False
Qwen-1.5B,moral_scenarios,C,B,False,T1.2-Backspace-High5,False,T4.4-Mixed-End,False,B,False,False
Qwen-1.5B,nutrition,D,B,False,T1.2-Backspace-High5,False,T4.4-Mixed-End,False,B,False,False
Qwen-1.5B,nutrition,A,A,True,T1.2-Backspace-High5,False,T4.4-Mixed-End,False,A,False,False
Qwen-1.5B,nutrition,D,D,True,T1.2-Backspace-High5,False,T4.4-Mixed-End,False,D,False,False
Qwen-1.5B,nutrition,A,A,True,T1.2-Backspace-High5,False,T4.4-Mixed-End,True,A,False,False
Qwen-1.5B,nutrition,D,D,True,T1.2-Backspace-High5,False,T4.4-Mixed-End,False,D,False,False
Qwen-1.5B,philosophy,D,D,True,T1.2-Backspace-High5,False,T4.4-Mixed-End,False,D,False,False
Qwen-1.5B,philosophy,B,B,True,T1.2-Backspace-High5,False,T4.4-Mixed-End,False,B,False,False
Qwen-1.5B,philosophy,C,C,True,T1.2-Backspace-High5,False,T4.4-Mixed-End,False,A,True,True
Qwen-1.5B,philosophy,B,B,True,T1.2-Backspace-High5,False,T4.4-Mixed-End,False,B,False,False
Qwen-1.5B,philosophy,B,B,True,T1.2-Backspace-High5,False,T4.4-Mixed-End,False,B,False,False
Qwen-1.5B,prehistory,B,D,False,T1.2-Backspace-High5,False,T4.4-Mixed-End,False,D,False,False
Qwen-1.5B,prehistory,D,B,False,T1.2-Backspace-High5,False,T4.4-Mixed-End,False,B,False,False
Qwen-1.5B,prehistory,D,C,False,T1.2-Backspace-High5,False,T4.4-Mixed-End,False,C,False,False
Qwen-1.5B,prehistory,D,D,True,T1.2-Backspace-High5,False,T4.4-Mixed-End,False,D,False,False
Qwen-1.5B,prehistory,B,B,True,T1.2-Backspace-High5,False,T4.4-Mixed-End,False,B,False,False
Qwen-1.5B,professional_accounting,C,B,False,T1.2-Backspace-High5,False,T4.4-Mixed-End,False,B,False,False
Qwen-1.5B,professional_accounting,A,D,False,T1.2-Backspace-High5,False,T4.4-Mixed-End,False,D,False,False
Qwen-1.5B,professional_accounting,C,A,False,T1.2-Backspace-High5,False,T4.4-Mixed-End,False,A,False,False
Qwen-1.5B,professional_accounting,D,D,True,T1.2-Backspace-High5,False,T4.4-Mixed-End,False,D,False,False
Qwen-1.5B,professional_accounting,A,A,True,T1.2-Backspace-High5,False,T4.4-Mixed-End,False,A,False,False
Qwen-1.5B,professional_law,D,C,False,T1.2-Backspace-High5,False,T4.4-Mixed-End,False,C,False,False
Qwen-1.5B,professional_law,A,B,False,T1.2-Backspace-High5,False,T4.4-Mixed-End,False,B,False,False
Qwen-1.5B,professional_law,C,C,True,T1.2-Backspace-High5,False,T4.4-Mixed-End,True,C,False,False
Qwen-1.5B,professional_law,A,B,False,T1.2-Backspace-High5,False,T4.4-Mixed-End,False,B,False,False
Qwen-1.5B,professional_law,D,A,False,T1.2-Backspace-High5,False,T4.4-Mixed-End,False,A,False,False
Qwen-1.5B,professional_medicine,B,B,True,T1.2-Backspace-High5,False,T4.4-Mixed-End,False,B,False,False
Qwen-1.5B,professional_medicine,B,C,False,T1.2-Backspace-High5,False,T4.4-Mixed-End,False,C,False,False
Qwen-1.5B,professional_medicine,D,C,False,T1.2-Backspace-High5,False,T4.4-Mixed-End,False,C,False,False
Qwen-1.5B,professional_medicine,D,D,True,T1.2-Backspace-High5,False,T4.4-Mixed-End,False,D,False,False
Qwen-1.5B,professional_medicine,A,A,True,T1.2-Backspace-High5,False,T4.4-Mixed-End,False,A,False,False
Qwen-1.5B,professional_psychology,C,A,False,T1.2-Backspace-High5,False,T4.4-Mixed-End,False,A,False,False
Qwen-1.5B,professional_psychology,C,C,True,T1.2-Backspace-High5,True,T4.4-Mixed-End,False,C,False,False
Qwen-1.5B,professional_psychology,C,B,False,T1.2-Backspace-High5,False,T4.4-Mixed-End,False,B,False,False
Qwen-1.5B,professional_psychology,D,D,True,T1.2-Backspace-High5,False,T4.4-Mixed-End,False,D,False,False
Qwen-1.5B,professional_psychology,B,D,False,T1.2-Backspace-High5,False,T4.4-Mixed-End,False,D,False,False
Qwen-1.5B,public_relations,C,C,True,T1.2-Backspace-High5,False,T4.4-Mixed-End,False,C,False,False
Qwen-1.5B,public_relations,C,B,False,T1.2-Backspace-High5,False,T4.4-Mixed-End,False,C,False,True
Qwen-1.5B,public_relations,C,D,False,T1.2-Backspace-High5,False,T4.4-Mixed-End,False,D,False,False
Qwen-1.5B,public_relations,A,A,True,T1.2-Backspace-High5,False,T4.4-Mixed-End,False,A,False,False
Qwen-1.5B,public_relations,B,B,True,T1.2-Backspace-High5,False,T4.4-Mixed-End,False,B,False,False
Qwen-1.5B,security_studies,C,C,True,T1.2-Backspace-High5,False,T4.4-Mixed-End,False,D,True,True
Qwen-1.5B,security_studies,D,D,True,T1.2-Backspace-High5,False,T4.4-Mixed-End,False,D,False,False
Qwen-1.5B,security_studies,D,B,False,T1.2-Backspace-High5,False,T4.4-Mixed-End,False,D,False,True
Qwen-1.5B,security_studies,D,D,True,T1.2-Backspace-High5,True,T4.4-Mixed-End,True,C,True,True
Qwen-1.5B,security_studies,A,A,True,T1.2-Backspace-High5,False,T4.4-Mixed-End,False,A,False,False
Qwen-1.5B,sociology,A,A,True,T1.2-Backspace-High5,True,T4.4-Mixed-End,True,B,True,True
Qwen-1.5B,sociology,A,A,True,T1.2-Backspace-High5,False,T4.4-Mixed-End,False,A,False,False
Qwen-1.5B,sociology,D,A,False,T1.2-Backspace-High5,False,T4.4-Mixed-End,False,D,False,True
Qwen-1.5B,sociology,B,B,True,T1.2-Backspace-High5,False,T4.4-Mixed-End,False,B,False,False
Qwen-1.5B,sociology,C,B,False,T1.2-Backspace-High5,False,T4.4-Mixed-End,False,A,False,True
Qwen-1.5B,us_foreign_policy,A,A,True,T1.2-Backspace-High5,False,T4.4-Mixed-End,False,A,False,False
Qwen-1.5B,us_foreign_policy,D,D,True,T1.2-Backspace-High5,False,T4.4-Mixed-End,False,D,False,False
Qwen-1.5B,us_foreign_policy,D,D,True,T1.2-Backspace-High5,False,T4.4-Mixed-End,False,D,False,False
Qwen-1.5B,us_foreign_policy,C,C,True,T1.2-Backspace-High5,False,T4.4-Mixed-End,False,C,False,False
Qwen-1.5B,us_foreign_policy,A,A,True,T1.2-Backspace-High5,False,T4.4-Mixed-End,False,A,False,False
Qwen-1.5B,virology,C,B,False,T1.2-Backspace-High5,False,T4.4-Mixed-End,False,B,False,False
Qwen-1.5B,virology,C,B,False,T1.2-Backspace-High5,False,T4.4-Mixed-End,False,B,False,False
Qwen-1.5B,virology,D,C,False,T1.2-Backspace-High5,False,T4.4-Mixed-End,False,C,False,False
Qwen-1.5B,virology,C,C,True,T1.2-Backspace-High5,False,T4.4-Mixed-End,False,C,False,False
Qwen-1.5B,virology,A,A,True,T1.2-Backspace-High5,False,T4.4-Mixed-End,False,A,False,False
Qwen-1.5B,world_religions,A,A,True,T1.2-Backspace-High5,False,T4.4-Mixed-End,True,B,True,True
Qwen-1.5B,world_religions,A,B,False,T1.2-Backspace-High5,False,T4.4-Mixed-End,False,B,False,False
Qwen-1.5B,world_religions,B,B,True,T1.2-Backspace-High5,False,T4.4-Mixed-End,False,B,False,False
Qwen-1.5B,world_religions,C,C,True,T1.2-Backspace-High5,False,T4.4-Mixed-End,False,C,False,False
Qwen-1.5B,world_religions,C,C,True,T1.2-Backspace-High5,False,T4.4-Mixed-End,False,C,False,False
